match_key,puuid,summoner_name,riot_id_game_name,riot_id_tag_line,champion_id,champion_name,team_id,team_position,win,kills,deaths,assists,kda,cs_total,cs_per_minute,gold_earned,gold_per_minute,damage_dealt,damage_per_minute,vision_score,control_wards_purchased,kill_participation,champion_level,items
1,zF_vN9AZJLelQhnou_XFa_DMH3Z5gvoGl-h7Cxw6qXvXCvnswFPA70RMgT01VBWue_5_2thX2lqLBw,Team diff 96,Hotdogwater,,98,Shen,100,TOP,1,1,2,9,5.0,125,4.81,7612,292.96,8711,335.25,9,0,0.256,14,"[1054, 3084, 3077, 3047, 1028, 1031, 3340]"
1,xzWQfnhMmOi3uvObXDOz-rRLkqI_YkGTl0uHnB1Q0h0rGKjoD7fNsd5YoxI5mAZ9YTWXNrGYLVfsuQ,badmotofinger,spice11,,131,Diana,100,JUNGLE,1,4,4,6,2.5,154,5.93,9295,357.73,9407,362.04,25,1,0.256,13,"[3152, 4646, 3020, 0, 0, 0, 3364]"
1,4WA8lBIdeySRmSVygmfOCW4X7nJ_Fj9FGkW6M_XQgzhZvmQY2W5OWeL1t20njjly8DkpfhTQLGK4Bw,MonikerJ,MonikerJ,,112,Viktor,100,MIDDLE,1,5,4,5,2.5,180,6.93,10438,401.72,15584,599.77,17,2,0.256,15,"[6655, 3020, 4646, 1058, 1058, 0, 3340]"
1,XQgaKVL2uRGPzy81BTfaEJiA6M_XCR2brjiWYl0FC6vM7s40V652TU8FtYLiFEHHok_-W_jZ_H2Omw,thedeathskull,thedeathskull,,67,Vayne,100,BOTTOM,1,19,7,12,4.43,161,6.2,15635,601.73,40483,1558.04,18,0,0.795,15,"[1055, 6672, 3006, 3302, 3046, 3153, 3340]"
1,WD6ZyrInHL8CLl6qbLbleYEOTvhfv859-LN6rS_rBcU6_a3-OFGsg-vwUwlNwMEdelJ1-Y22a-fqzg,Nautìlus,Nautìlus,,143,Zyra,100,UTILITY,1,10,2,15,12.5,64,2.46,11641,448.02,22420,862.86,35,4,0.641,14,"[3871, 6653, 3020, 3916, 3135, 3116, 3364]"
1,QfKtpYVdIHCGTy5yWVp-kyG7gN8BIPZ5fZgHfP5aJ5XKUd7nXxG41eZk8XnIZsEkfllY4-RQd-P36Q,Xionoo,Xionoo,,48,Trundle,200,TOP,0,4,5,1,1.0,157,6.04,9028,347.45,14670,564.59,12,0,0.263,14,"[1055, 3078, 3047, 3181, 0, 0, 3340]"
1,54UYr1qEXKe9_DCeZgf-Z4JyLMYnHaMDK459QWgKU4G8v77A-KH0RGDrF4IPraOKNQd-Sd52xOpuMQ,LoliPlagueDoctor,PlagueDoctorTox,,57,Maokai,200,JUNGLE,0,2,9,7,1.0,125,4.81,8722,335.68,11821,454.95,13,0,0.474,12,"[3075, 6664, 3047, 1031, 1033, 0, 3340]"
1,g89Gyz4zbTJp7daFWXodlcSCYC_3Bo5xWUf40T6B83eg3mzwaxUl4feg5sOvmm10OUPW_S1zIRqdDw,KoNekoBoo,KoNekoBoo,,950,Naafiri,200,MIDDLE,0,4,6,4,1.33,154,5.93,9940,382.55,10700,411.8,19,1,0.421,14,"[6698, 6699, 3155, 3047, 0, 1055, 3340]"
1,CGlhcF1MpvPbgqgVR1MJ9AGMvlLyj4_nNaltif39V1zk0vLuFJpQmcr6YlTT707Md1FehPR5tE5YxA,the gewginator,the gewginator,,360,Samira,200,BOTTOM,0,1,10,5,0.6,118,4.54,7973,306.85,5685,218.79,19,1,0.316,12,"[1038, 1037, 3006, 6676, 1018, 1055, 3340]"
1,boayLB0j74-n8nzIDvekqHxFPN-G8OjWCQydvEVrqosPtwGrU4Txy_Lum7r1WkwLh-wr523iHri-fw,ItzPeaches,ItzPeaches,,555,Pyke,200,UTILITY,0,8,9,4,1.33,34,1.31,10818,416.34,13172,506.94,32,0,0.632,12,"[3877, 3179, 3117, 6697, 6699, 1036, 3364]"
2,ySRk6uQR7nwMKOpIVj1OlFgF2w21VQR1HUS5pjLoS34GdccmPpB8SxhvuFUSTdvEdFhBFMRzGl4wTg,Pusheenninjacat,Pusheenninjacat,,85,Kennen,100,TOP,0,4,11,2,0.55,118,4.12,8999,314.1,19798,691.03,14,0,0.194,15,"[1056, 3115, 3006, 3100, 1052, 1029, 3340]"
2,HU9BHw8q6cHZdF22jxJRzqV2zBAsE9BACin3qR3wUKFkFZc1KQZOssdzASLyWwCy0JbBJxOqjL10YA,MrDyeBoy,MrDyeBoy,,72,Skarner,100,JUNGLE,0,4,10,5,0.9,145,5.06,9054,316.02,13422,468.48,25,0,0.29,13,"[6665, 3078, 3111, 2021, 0, 0, 3340]"
2,Lv5s0Xp3NLUU9ublzQPRvhGJaeW30To50h-esQRxKeFMQdTJKxsWbsZ9WKnCCm-_fSDt8Lam6QiDNg,,Barata,,105,Fizz,100,MIDDLE,0,4,6,7,1.83,169,5.9,11429,398.92,17691,617.49,22,3,0.355,15,"[1056, 3157, 3158, 3100, 3135, 2055, 3340]"
2,yVr4QoKRIx3_Zw_08K44ylIsbkFsZkDzxwWPq-brog_39LtCxkWl1Tiy4KHtit9vQVNjNa21KsEoDg,Danzou001,Danzou001,,51,Caitlyn,100,BOTTOM,0,8,10,7,1.5,135,4.71,11957,417.35,20435,713.26,10,0,0.484,13,"[1036, 1036, 3036, 3031, 3095, 3006, 3364]"
2,WD6ZyrInHL8CLl6qbLbleYEOTvhfv859-LN6rS_rBcU6_a3-OFGsg-vwUwlNwMEdelJ1-Y22a-fqzg,Nautìlus,Nautìlus,,143,Zyra,100,UTILITY,0,11,7,7,2.57,78,2.72,11899,415.32,40279,1405.9,37,1,0.581,13,"[3871, 6653, 3020, 3116, 3916, 3135, 3364]"
2,g8csZmSae3GPcZJY5JD2coIfCFnWuFNks0qxRoswZBRE9rGfGjUEY1QMplbakQZYfbps5M0YAbI_Ig,ree s3,durツ,,14,Sion,200,TOP,1,3,7,11,2.0,137,4.78,11051,385.72,10107,352.77,10,0,0.318,16,"[3084, 1054, 3068, 3009, 3067, 1031, 3340]"
2,Tpcn94MnztrZ6QvmmhiNr-STD5uv5i_Wmh26Jva1vfZgTbKWckf8UWGl9kR7xRcQ7SIv-8BwT9ZgeA,2x2 Expert,despair,,107,Rengar,200,JUNGLE,1,31,2,4,17.5,243,8.48,22626,789.74,59768,2086.14,23,0,0.795,18,"[6701, 6694, 6698, 3158, 6699, 6696, 3364]"
2,L4ZCpOBtwUJV01uNqiLOZbAogCsZkcdTizrnRFIErH9_w846yJhwOFRTAbTJ1NmHINBzDQUyKbpJoA,BradleyOnline,Squidly,,84,Akali,200,MIDDLE,1,5,5,3,1.6,135,4.71,9586,334.59,14160,494.24,22,3,0.182,15,"[1052, 4646, 3020, 4645, 1052, 1029, 3340]"
2,OZJKeIW4tEwiyU_3ArmfSEOcbJys0R_UNgMGMyfFXV1lHODldmzzoNfrHxsltm-TqyHslbT77Zl6JQ,We touch people,Dr Dawg E Style,,360,Samira,200,BOTTOM,1,2,8,5,0.88,152,5.31,9902,345.62,9300,324.61,14,3,0.159,13,"[3031, 6676, 3047, 2055, 1053, 0, 3340]"
2,iP-szzFu1JD4V7OIoWyUkNrk0QGIFYdxyg33v4Pf75QbNNvBG3O4AunJ1eqRkSC5ze0up1LaQP6Niw,,HyperBeast,,12,Alistar,200,UTILITY,1,3,9,15,2.0,34,1.19,9651,336.86,5572,194.49,33,0,0.409,14,"[3870, 3190, 3111, 3109, 3076, 1011, 3364]"
3,6UgplYI9Pp6cS_5h4qsBdmnZnKZCMEXktW7Z7fA3z0MI0QICozTGjLSFBZur4ihr8sKuQl5ay5V0Dg,Túná,Túná,,2,Olaf,100,TOP,0,16,10,2,1.8,214,6.21,18480,536.69,41072,1192.8,14,1,0.5,18,"[6333, 3074, 6673, 3153, 3181, 3006, 3340]"
3,KsTmf8vHZVsYeSfZFNjNr9v87hw4VPkW45TwuVT0mznpYBta0FJloCIWdpLQeGQjtyDGscMmL8_UQg,tempccltvvfzwxqy,Bready,,245,Ekko,100,JUNGLE,0,5,8,5,1.25,183,5.31,12769,370.83,16075,466.84,13,0,0.278,15,"[3152, 4646, 3100, 3020, 1058, 1058, 3364]"
3,eBttFiSbtJsG-v81n6lIdL2IVpmI4f9VDPP4m-TKkalaDsVA1Tc4qcJUuI-1V7DbNiv7A-JCf3JQ8A,WAVY KIWII,WAVY KIWII,,910,Hwei,100,MIDDLE,0,0,9,5,0.56,141,4.09,8366,242.96,12894,374.46,10,0,0.139,14,"[1056, 6655, 3020, 3145, 1058, 0, 3340]"
3,5JK-qFHleNP2adhwDdGK5wdCfstl7XuMOgrWiPOzM1yJULYDUbSa8N9xHp0mj8X8Tpz4F_ufOQL8Sw,Sagadomi,Sagadomi,,145,Kaisa,100,BOTTOM,0,12,7,3,2.14,186,5.4,15263,443.26,18621,540.78,12,0,0.417,15,"[4645, 3042, 3115, 3006, 3089, 3145, 3340]"
3,2biic6QQlgM_AJZLPyTW7Ic2mvIRD6M0FCQBukfvH6y2qKvNXz6kJXYu-AuXi4LQZNzE5zeKCS57Pg,06Noob90,FeetMoncher,,99,Lux,100,UTILITY,0,3,9,7,1.11,47,1.36,9217,267.68,24475,710.79,61,0,0.278,14,"[3871, 3040, 3118, 1052, 3020, 1052, 3340]"
3,xL4t_xip8kSFlIVL34mF7WxsEtKBMpzvZa3V61Gi1FGu9ov4U-PKMrsIWmO7kcZGWI55cJ4VbrkMcg,niluwel2,matt stonie,,17,Teemo,200,TOP,1,4,13,13,1.31,134,3.89,10858,315.33,19360,562.25,18,0,0.405,16,"[6653, 3115, 4645, 0, 0, 3020, 3340]"
3,R1ZRJbutx-RwYocUGzescz_ewkYE-0I5tluA3FuSC02Y05ucOwynSivsDGb53OVHgkpgXvR9MIcIew,maddoxryder7,mathe,,200,Belveth,200,JUNGLE,1,11,8,12,2.88,215,6.24,17070,495.74,29373,853.04,40,1,0.548,18,"[3153, 6672, 3111, 3091, 6333, 1036, 3364]"
3,pMlQmsIXTPjYJ0memZTQonG5INAWpW8Y3erYqlhHawRh-P3jEq3xH9nlukR13Ex4jZfr81wsWul--w,Obigamer327 ,Obigamer327,,166,Akshan,200,MIDDLE,1,10,2,5,7.5,222,6.45,15517,450.64,22460,652.27,18,0,0.357,18,"[6699, 2015, 3111, 6676, 6672, 3086, 3340]"
3,W4sIguTn1nw617HUNYn_28kt93Q1LLhujX1UKnWRFCYPVm4k457TKW3Ndbp9mhScL0iB5e1MdTajAw,Dampiana,Damp,,360,Samira,200,BOTTOM,1,15,9,7,2.44,209,6.07,16593,481.89,25114,729.35,25,0,0.524,16,"[3036, 3142, 3006, 6676, 3072, 2019, 3340]"
3,WD6ZyrInHL8CLl6qbLbleYEOTvhfv859-LN6rS_rBcU6_a3-OFGsg-vwUwlNwMEdelJ1-Y22a-fqzg,Nautìlus,Nautìlus,,143,Zyra,200,UTILITY,1,2,4,20,5.5,57,1.66,10335,300.15,25466,739.57,59,3,0.524,16,"[3871, 4630, 6653, 3116, 3020, 3916, 3364]"
4,wvQyhbdTs5s6HMXrc350AiFB7Rq2pzTH6EzWZu7eaS9k_vJYHaqNEeVDsWfAngspeuBSKaiM453fKA,Hellzzangel1,Hellzz,,114,Fiora,100,TOP,0,2,8,4,0.75,152,5.64,8933,331.47,10783,400.11,14,0,0.316,14,"[1055, 3074, 3153, 3111, 1042, 0, 3340]"
4,8RV6vnmYpNuquzSHUCFiOPVgjyS6p-NHWBXMX8Ycs3RKp7UlKez1WaZ57vnOSvKcVrEW7Xk0BlIccg,OldSethers,OldSethers,,28,Evelynn,100,JUNGLE,0,8,6,5,2.17,104,3.86,9931,368.5,18559,688.65,9,0,0.684,12,"[3089, 4646, 3020, 3916, 1052, 2022, 3340]"
4,As2p5PCSXuIVfoJ3oeU5y7dyMxpWybnRelcYPS-knCbWg1OY9YYqdexsE2EZhiru6RGLrInRbQN6vw,Generalty1,Generalty1,,3,Galio,100,MIDDLE,0,3,12,6,0.75,141,5.23,9505,352.69,19708,731.28,10,0,0.474,13,"[1082, 6655, 3020, 4645, 1026, 0, 3340]"
4,s1MFCVp1cOi7E3aN9Kbfmul_WjiLL8E9nHzciAlX_SCN5O_qdxbvM8cSHwGgij3TrCuxcXnSWAh5XQ,ImNotSmairt,ImNotSmairt,,67,Vayne,100,BOTTOM,0,3,10,4,0.7,104,3.86,8320,308.72,7956,295.21,8,0,0.368,12,"[1055, 3006, 6672, 3124, 1042, 1036, 3340]"
4,VAuUF3rxUzuBhUS8mtrXTerB8RJgCvifug4dnwwWw2Ewzbmye-YoFfL7FB8l1s6G0fYhlDxFGiDjHg,MagicalHeart,heartmgf,,147,Seraphine,100,UTILITY,0,3,6,6,1.5,35,1.3,7060,261.97,13317,494.14,27,0,0.474,12,"[3870, 2065, 3158, 6620, 1052, 1028, 3364]"
4,ep6VWLQQGmukLeAAzDkgwciuzUP67ZobGFt0qfuSTFgxKH2M9L9Il7TfXEe-M6UJWSgO18cOBqY63Q,stonecrusher606,KawaiiOniiChan,,78,Poppy,200,TOP,1,4,6,13,2.83,134,4.97,9616,356.81,16829,624.45,9,0,0.405,14,"[2033, 3068, 3047, 3075, 3211, 0, 3340]"
4,CoiOEORgN36Q3h6nqsW9hwGsRpgzwqxCCewuNlsx16RTy5h-XzcH8JUOX1sG5bzdp_StAGGUP9nbeA,BuggChaz,BuggChaz,,19,Warwick,200,JUNGLE,1,15,2,8,11.5,178,6.6,13701,508.39,20145,747.5,17,0,0.548,15,"[6610, 3748, 3111, 3073, 1033, 1031, 3340]"
4,k7p_8_k9zeXaBVcMPcz4Jg1dw6PyD3rxiiXBVEAhd-CopvKHlspYfdH2c4OKaOnGpQei-iS7BDvMSQ,Straw Hat Soraka,JNK0,,518,Neeko,200,MIDDLE,1,6,6,11,2.83,157,5.83,10629,394.4,16362,607.12,31,1,0.405,15,"[1056, 3020, 3152, 4646, 3145, 0, 3340]"
4,W0CdIRBzQnCowBrdpN4F7e-M_jDEP-UxFrhTPBJL5n1GwLvhSq8OeEAJw3WwpjpbSZp2MDzB9yZyEQ,DeadlyBossMod,DeadlyBossMod,,51,Caitlyn,200,BOTTOM,1,9,3,7,5.33,138,5.12,11418,423.67,15796,586.12,31,3,0.381,13,"[1055, 3111, 3031, 3095, 1036, 1033, 3363]"
4,WD6ZyrInHL8CLl6qbLbleYEOTvhfv859-LN6rS_rBcU6_a3-OFGsg-vwUwlNwMEdelJ1-Y22a-fqzg,Nautìlus,Nautìlus,,143,Zyra,200,UTILITY,1,8,2,13,10.5,76,2.82,10557,391.73,22309,827.79,40,1,0.5,14,"[3871, 6653, 3116, 1052, 3020, 0, 3364]"
5,yFk_3_pMt0pbnJMINGtGCii14QzBEYiJpyp9pWyV3Tlm96jewF6sdCx8z353lB8_NSZDfSgv7mUz2g,BingusICUP,sellfone,,41,Gangplank,100,TOP,0,1,4,1,0.5,94,5.93,5064,319.5,4770,300.95,3,1,0.2,10,"[1083, 3508, 1018, 2055, 1018, 0, 3340]"
5,WgrZxIkVKAos1vuwqew31qU7M9Xkjx1wN6nY6U04WXmD-At6PdN1yTbyn2wllxdTl0XcsdC0eW3wAQ,kyraasanangel,kyraasanangel,,141,Kayn,100,JUNGLE,0,2,1,3,5.0,75,4.73,5068,319.75,3469,218.86,11,2,0.5,8,"[3142, 1102, 3158, 1036, 1036, 0, 3364]"
5,HAF9-YQPPmO-pox2iQ7fgm9W6ZYQ22JjjMMI2JfnlufDj-M98rzqIa6ikr0ZFpElGvvuSog_K3Dpjg,NaxipTV,Naxip,,91,Talon,100,MIDDLE,0,3,1,2,5.0,101,6.37,6078,383.47,6731,424.67,9,0,0.5,10,"[3158, 2015, 3142, 2020, 0, 0, 3340]"
5,VfK03eAJ1pSAqAW-rAk70oRTCeNqXOonac1llz3oJu8ggtoQFCR-kYRt-H3a4olLBCwS-e2fcejVpA,M7 Sarah,Sarah,,81,Ezreal,100,BOTTOM,0,3,3,2,1.67,74,4.67,4917,310.22,3501,220.88,5,0,0.5,9,"[1055, 1036, 3051, 1028, 2422, 3057, 3340]"
5,WD6ZyrInHL8CLl6qbLbleYEOTvhfv859-LN6rS_rBcU6_a3-OFGsg-vwUwlNwMEdelJ1-Y22a-fqzg,Nautìlus,Nautìlus,,235,Senna,100,UTILITY,0,1,4,3,1.0,18,1.14,4168,262.97,3619,228.33,11,2,0.4,7,"[3867, 2031, 3179, 1001, 0, 0, 3340]"
5,wNXe-f5UEqaehbxINl43Oi2cD_8k32dEGCdc5eT2HYJYYiD7JAYaLBwjI_mFP8eMUfgm1gHAqXwqEw,RemoveSamira,RemoveSamira,,897,KSante,200,TOP,1,6,1,0,6.0,90,5.68,6911,436.03,8500,536.28,10,2,0.462,12,"[3047, 6660, 6662, 1031, 1054, 0, 3340]"
5,gxAPRkJCWkviLWZIaNTKxDAzAK5P2Fqu2RVVIHS-wSbzXuNs9GEPUf0aZsIfcufkUyB8zdLc7hqd2g,KaChOwYeEt,KaChOW,,24,Jax,200,JUNGLE,1,0,3,1,0.33,87,5.49,4560,287.7,2436,153.69,12,0,0.077,9,"[1103, 3044, 3051, 2422, 1029, 2022, 3513]"
5,2AOKARVjtGPcdGZRlZ8BDukkHXnz2rnckgqWp8MysAMxUweIRglqUKoqbjlEQFT5K2bI0J0WvFlXAw,big t rektz,big t rektz,,518,Neeko,200,MIDDLE,1,0,0,0,0.0,93,5.87,4500,283.91,4227,266.69,6,0,0,10,"[1082, 3152, 3020, 1029, 0, 0, 3340]"
5,-fE-5uRSS7AeojYXo5ozkH6zFoVR2P7T-xNs3UMUNiHdiabUzR6AHNijK_YfYK783yic_YLW_LmuwQ,the differ,the differ,,51,Caitlyn,200,BOTTOM,1,2,4,5,1.75,111,7.0,6800,429.02,9068,572.11,7,0,0.538,9,"[1018, 6672, 3006, 1038, 0, 0, 3340]"
5,56yGdu9_lgQBGRjkrlprhcDpMIYE5hwWpLfxzwYgCSC0KBDnyEOl6CIwDLrScoH7e4xO9DfPrDwl_g,sqooid,sqooid,,99,Lux,200,UTILITY,1,5,2,1,3.0,20,1.26,6225,392.74,10073,635.52,21,0,0.462,8,"[3020, 3871, 6655, 3145, 1052, 0, 3364]"
6,6TEo0RBD-nkDAWw9485NATRdNFad1z-ppTE47kJ8KlraHPkpKUbd0q7vNH-kQF92NVULtxhG-QQnHw,Obizle,Obizle,,133,Quinn,100,TOP,1,1,2,7,4.0,116,4.88,7969,335.3,8442,355.2,7,0,0.258,14,"[1018, 3095, 2031, 3006, 3035, 0, 3340]"
6,OlDaRtBNUx_Q39wQeTHvxhiSG0rs09BD-5APrbRd5GJw1Cn_qwCYsYH3nWGUlCk53bQSm2wUwMHIJw,smallchubbs,smallchubbs,,254,Vi,100,JUNGLE,1,3,1,6,9.0,150,6.31,8942,376.24,4111,172.97,23,4,0.29,13,"[3071, 6610, 1001, 0, 0, 0, 3364]"
6,lllM4UWLlAJK9a1X09l9akoha_x9B5dDZEpFvTYLV8fYknClT5dCAJzz8oXMyiBbDSZcdqgXEc1tUw,Feeliz Brown,FeelizBrown,,157,Yasuo,100,MIDDLE,1,14,3,2,5.33,173,7.28,12705,534.57,20728,872.15,12,0,0.516,15,"[1055, 3006, 3087, 1043, 3031, 1053, 3340]"
6,eFnmJZO7eTILgNwuL-OiRklzLSlMfzqrRdmHqOyrpmqC1B-iIl8U1XlYIeoZbUhiviKZA2JXPDM9kA,Steez God Ron,Steez God Ron,,360,Samira,100,BOTTOM,1,11,3,5,5.33,139,5.85,11610,488.5,16376,689.03,16,1,0.516,13,"[1038, 1055, 3047, 6676, 6673, 1018, 3340]"
6,WD6ZyrInHL8CLl6qbLbleYEOTvhfv859-LN6rS_rBcU6_a3-OFGsg-vwUwlNwMEdelJ1-Y22a-fqzg,Nautìlus,Nautìlus,,111,Nautilus,100,UTILITY,1,2,0,21,23.0,47,1.98,9780,411.5,13954,587.12,37,6,0.742,13,"[3876, 3047, 3075, 3742, 2055, 3066, 3364]"
6,KyH4NaXRGiVUAdT8y_ar6Kz43tUkLtRBGKOzyKYBIpWaZ2wbDTgrBWIN655DRqt4cFRFIUEOZlNoFg,xawm,xawm,,106,Volibear,200,TOP,0,1,5,1,0.4,132,5.55,6966,293.1,7463,314.01,10,0,0.222,13,"[2021, 0, 6610, 3047, 3077, 0, 3364]"
6,xGm5oKphn3k-pLnzwWR42yPWN2TLfhXfG41ut0b0MP1L3UY-gCkxTz_r_b9SQkJVc5Ixsj1PiydixA,IGGICGGI,IGGICGGI,,107,Rengar,200,JUNGLE,0,4,6,1,0.83,117,4.92,9045,380.58,10987,462.29,14,0,0.556,11,"[6699, 3077, 3158, 6701, 2022, 1037, 3340]"
6,CnmqieCtFcGFJv2IoP-iPXPtq_S65yBu2_sPQ7onUn2fMAU6KqqoiODB_UN0w6vOGnnZF_yRr1g_2A,k1ll4uu0,k1ll4uu0,,105,Fizz,200,MIDDLE,0,0,6,2,0.33,131,5.51,6796,285.95,4662,196.16,9,0,0.222,12,"[1056, 4646, 3020, 3057, 3113, 1052, 3340]"
6,XKJbmTeBUyisccwNX4ISjVRgV2_092JEH-DnzXz3uJR913dBIAKIyZ3uk_BPffPeYmp9TFsvRyvpxA,Siamii,Siamii,,119,Draven,200,BOTTOM,0,4,7,1,0.71,143,6.02,9564,402.41,8009,336.98,3,1,0.556,11,"[1055, 6676, 3006, 3031, 2055, 1018, 3363]"
6,YJ5bNghrRSoC2faJlFYdOEchDnrB0yRghQMgO95ml6LriwkeCJao2kEaDkMCpTpngCZNwg1Ci6Z2SQ,bungya,bungya,,888,Renata,200,UTILITY,0,0,7,3,0.43,27,1.14,5839,245.68,3923,165.06,45,1,0.333,11,"[3870, 3009, 3070, 6616, 3113, 0, 3364]"
7,XUwgsBHKUaRiG7FzgfwPs9YtXAdpWCDoAR0KwVxyoqgNisKJWaLCBLnBswBIB3Kmdzyt6GktU2JwSA,Brodoswagins6,Brodoswagins6,,77,Udyr,100,TOP,0,0,2,1,0.5,93,4.93,5479,290.41,3153,167.12,9,0,0.111,11,"[1083, 6699, 2031, 3047, 2022, 0, 3340]"
7,AJFppX0DcsW89U3NUXSZduvtQjhEjMbwbGWk6LRjzLeGeTyNZhjPKLyqR9uvNXD5ECULDq-gzmHu8g,MONKEYWOOO,Thebausffs,,234,Viego,100,JUNGLE,0,1,5,1,0.4,98,5.19,5587,296.13,2937,155.67,4,0,0.222,9,"[1103, 6672, 3047, 3051, 0, 0, 3340]"
7,jJFWE99oyIS6KAJWm-vdDV7X0taSrnY8tfM6IVSOiEaarQX-giHepUU0Y2-JID9_2LV4UaT7yNeOyg,Kohaii,Kohaii,,142,Zoe,100,MIDDLE,0,1,2,2,1.5,100,5.3,5190,275.09,6898,365.62,13,1,0.333,11,"[1056, 6655, 3020, 1052, 0, 0, 3340]"
7,03V5u8TPPwUqPqVrJ3QJBGqTN6fmW_DinZH4UEed-NMT7ycAwYLIK6MY3j3v_p0gvxRhnygLRsgd1A,Bosoxpats,Bosoxpats,,222,Jinx,100,BOTTOM,0,3,4,3,1.5,112,5.94,6978,369.86,7897,418.57,6,0,0.667,9,"[1055, 6672, 3006, 1037, 1018, 0, 3363]"
7,WD6ZyrInHL8CLl6qbLbleYEOTvhfv859-LN6rS_rBcU6_a3-OFGsg-vwUwlNwMEdelJ1-Y22a-fqzg,Nautìlus,Nautìlus,,111,Nautilus,100,UTILITY,0,4,4,3,1.75,37,1.96,6873,364.29,7550,400.18,26,1,0.778,9,"[3876, 2033, 6657, 3111, 3024, 3082, 3340]"
7,fMYvA4IiGItHc_iDdrFm13N7B3QJ0xvheSyjLjVLFMiYm_ZiXHuSYfVaMClqDwEs4gITcjK9kSmIkg,Mailbutheking,LaFlame,,875,Sett,200,TOP,1,5,1,3,8.0,133,7.05,8569,454.19,9869,523.09,11,0,0.471,12,"[1055, 6631, 3047, 2021, 1036, 1036, 3340]"
7,trZUAoxTpMiRFaOKGSwCkK-u4L1NFLhw4sYPFxIfAYBa9m_9_bAVf9r8Q8-JuVVn0JK7dOjhs86L5g,Squiggins,Squiggins,,131,Diana,200,JUNGLE,1,4,2,4,4.0,106,5.62,7912,419.36,6405,339.49,21,3,0.471,10,"[3152, 4646, 3020, 0, 2055, 0, 3340]"
7,ag8mQ69XrOiazHLce-Tle0cZIH3syNdp7kmIJTlIXkDNzZA56E3aHiUHNnPFarFRB8fW8K9SvdVisg,JankCasino,JankCasino,,99,Lux,200,MIDDLE,1,2,1,3,5.0,88,4.66,6062,321.31,9184,486.78,16,2,0.294,11,"[2422, 6655, 3113, 0, 0, 0, 3340]"
7,OmHkLEy09VBcLJxMv0XH7f6z34NChrdts_FO2LXwCVYwSHIbXyUAQw2En-rMOFrB6OWTZFyTbM--tg,Bellum12,Bellum,,81,Ezreal,200,BOTTOM,1,2,3,5,2.33,130,6.89,7573,401.4,8274,438.55,10,1,0.412,11,"[2031, 3158, 3070, 3078, 0, 1055, 3340]"
7,GCtk_j4-xzgKZfJpClzdo5BeErPzJ_FpOsn7fy8nl_5wLMIJgdrOc8HWFFS9olW2aLjPwZd1jcQghQ,ai Phoenix,ai Phoenix,,412,Thresh,200,UTILITY,1,4,2,4,4.0,24,1.27,6305,334.19,3267,173.16,26,1,0.471,8,"[3109, 3111, 3867, 1028, 0, 0, 3364]"
8,ljy2EhAHoCTTKhgDJXZTjj48shfPijiKHuiLqNofHGIevvdhgreiKCalPJ8FRHsfJNNrEoSOIrQd-Q,Matchau,Matchu,,48,Trundle,100,TOP,1,2,2,2,2.0,251,7.87,12596,395.07,11373,356.71,10,0,0.129,17,"[3074, 3078, 3111, 1055, 3181, 2031, 3340]"
8,X1lkaKiAt16WgZor8UixlDmEr1Ivmv5pFc79mPiV7H841VBZeYdllZMAKfoidXFHZPssoX2QY-kx1A,UnovaCloud,UnovaCloud,,5,XinZhao,100,JUNGLE,1,4,3,6,3.33,239,7.5,13126,411.69,15519,486.74,14,0,0.323,16,"[3748, 6610, 3111, 3053, 0, 0, 3340]"
8,L7kb0yBxryKOdPLp6xkQfS_426wHBVrwTQXFpc4DevNotg_UlNOBNkLLCv1OH0pdII7aUyyVBptJUw,ErlGreyT,ErlGrey,,84,Akali,100,MIDDLE,1,7,5,6,2.6,157,4.92,11196,351.16,18107,567.91,13,0,0.419,16,"[3100, 4646, 2031, 3020, 1082, 1058, 3340]"
8,HWlNAfi9n5x_4fjdDLuwNb4uWW1xZfV-fS0dROt6Y5FWAi6p54h3oiECuAZSThA9ghaWYxcx6yK8_Q,NesquikSyrup,NesquikSyrup,,360,Samira,100,BOTTOM,1,16,6,4,3.33,225,7.06,16958,531.88,42446,1331.29,10,1,0.645,15,"[6676, 6697, 3072, 3036, 0, 3111, 3340]"
8,VmPUswBMxq7afJ7dgyVFpE-Z9oDP40MWqZ7gOKJSvFYVfJ7j89BcjAzKtspgtXWOYRWDDTmgm2ItCQ,2incher Mr,2incher Mr,,412,Thresh,100,UTILITY,1,2,3,17,6.33,25,0.78,9703,304.33,10301,323.08,50,0,0.613,14,"[3190, 3158, 3109, 3876, 3050, 1029, 3340]"
8,u1O-rCtXhw5HcoNDYR8SUcXIf24_OqQQfrR4ykLX2tFsIC4BTuhNvfvTryBDeJTWlgOXJwtNkTPp0Q,Stowboy,Stowboy,,86,Garen,200,TOP,0,4,2,2,3.0,251,7.87,12152,381.14,15250,478.31,17,0,0.316,17,"[1054, 6631, 3742, 3047, 3071, 2021, 3340]"
8,-BVl3zFSrp6bKfLxO8XAlRfLS521UvzxTrASTN2psm9hZ2kBosbxtgz2RBeacH_8jQBWBvV5Nld6Bw,xXLocoAfricanXx,xXLocoAfricanXx,,35,Shaco,200,JUNGLE,0,5,7,8,1.86,145,4.55,10276,322.3,29916,938.3,15,0,0.684,14,"[3089, 6653, 3020, 3147, 2022, 0, 3364]"
8,huB3cNw8HlZ1HRNAd7_59yyKyoCXYOqXMHL1JdCCYntGG6xiWZ3X7gMYGyvBHKAdxbUqDjJJBkRFkw,CelloJ,CelloJ,,45,Veigar,200,MIDDLE,0,6,5,1,1.4,198,6.21,12003,376.47,24515,768.9,15,0,0.368,16,"[4646, 6655, 3089, 1056, 1052, 3020, 3340]"
8,5eSZnf7EZfUT-3aDJcTgzIyuZhvihNBnv9DgQOSIjPa-snJ0_fftezyDyWL09-E-TtSDTMNLhSYJEg,,cerealkiller,,21,MissFortune,200,BOTTOM,0,2,9,4,0.67,153,4.8,9340,292.94,10964,343.88,12,0,0.316,13,"[1055, 6676, 3009, 1036, 6697, 1018, 3340]"
8,WD6ZyrInHL8CLl6qbLbleYEOTvhfv859-LN6rS_rBcU6_a3-OFGsg-vwUwlNwMEdelJ1-Y22a-fqzg,Nautìlus,Nautìlus,,25,Morgana,200,UTILITY,0,2,8,8,1.25,56,1.76,9681,303.64,18880,592.16,49,1,0.526,12,"[3157, 3871, 3020, 3916, 3116, 1052, 3364]"
9,hRT2fKM_YJkS7luWqNTs0N-1h1WqPbOhOfJBBMFFFFDxpSidahspJU9pIkfFSBWIiP3hLXdmxuONqQ,Werewolfgus,Werewolfgus,,82,Mordekaiser,100,TOP,1,11,0,0,11.0,162,8.53,10693,563.28,19549,1029.8,17,4,0.579,15,"[3108, 3116, 6653, 3009, 0, 3147, 3340]"
9,4bQ4P_lfW38DScqiOyQpd4RkgkujEegNKYFYYL6RM4LUpwrC4HPGy5lPlIUFy_3V80dMnitA-df--g,TechMaster14,TechMaster14,,254,Vi,100,JUNGLE,1,1,1,1,2.0,132,6.95,6719,353.94,3059,161.14,21,1,0.105,11,"[3111, 3078, 1042, 1036, 1036, 0, 3364]"
9,cb_6TxAdUvV5s4TzMK-jbVM_cqBLm5iCrpyFCSCYMJr2bnw7eIJXeYjV_C2phSEsjrOr8TA3NTN2fg,TheMcRibSandwich,TheMcRibsBack,,101,Xerath,100,MIDDLE,1,1,0,1,2.0,117,6.16,5869,309.17,4073,214.56,9,0,0.105,13,"[3040, 3020, 1052, 0, 0, 0, 3340]"
9,VVRiZqDXOx-nmrHXC2ZZCAP5LX3oyCBXJpuZlTKumbheu-c2Kd7boyzZCUIHs11DInNW3_28DVDjBQ,Rubío,Rubío,,67,Vayne,100,BOTTOM,1,5,2,1,3.0,113,5.95,6932,365.16,8315,438.02,13,1,0.316,10,"[1054, 3009, 3153, 3051, 0, 0, 3340]"
9,FxPe54olpk8j6lYS8CGJiA4vGp4LR6131pZOEh79Q4-RDDDEjb3noa1zfSO1y3DjfYbD3lHcE044_w,yoo jean,yoo jean,,106,Volibear,100,UTILITY,1,1,1,5,6.0,32,1.69,5466,287.94,6686,352.2,32,1,0.316,10,"[3876, 3047, 0, 6631, 2403, 0, 3364]"
9,5oV1t58z9G8AKtFlUmUsP8yY1YrUzz7Xa5mztFmMJgpinj2saRTWu2KtcWKsmBBdKGQTikAPGOZByg,Tyrannosaurus,Tyrannosaurus,,75,Nasus,200,TOP,0,0,7,0,0.0,98,5.16,4743,249.85,3634,191.43,5,0,0,10,"[1054, 3078, 0, 0, 0, 0, 3340]"
9,mW1pOScYpzHze7BrtzorQazbgn3-vYpK03mQKPjWVuNmIIq32jTwS95BuIPyJJmB1KtYIEZCOLXksg,OptimusMuff,OptimusMuff,,875,Sett,200,JUNGLE,0,2,4,0,0.5,80,4.21,5916,311.64,4981,262.39,18,1,0.5,9,"[1103, 3047, 6631, 1028, 1036, 0, 3340]"
9,y9ZQFHN7tsHg6bfNliw8zsA6KPYhYssZrDaDDUXdZQQzrFLX1Fl6pe0ft6glfN1-4u-WGWRrBYrwmg,RakaFlockaFlamé,RakaFlockaFlame,,143,Zyra,200,MIDDLE,0,0,2,0,0.0,124,6.53,5384,283.62,7270,382.97,9,0,0,12,"[3020, 3118, 1052, 1028, 0, 0, 3340]"
9,Eqmx8pSoQvaq2Rd8Iqjev7LDMhU0bLnLsfajESSX4Jp_BOhcjwFtMTVuRHa4tQBKLACJ9r9qqvPYig,GreatValueADC,andymilonakis69,,119,Draven,200,BOTTOM,0,1,6,1,0.33,59,3.11,4541,239.21,3337,175.79,9,0,0.5,8,"[1055, 6676, 1018, 0, 0, 0, 3340]"
9,WD6ZyrInHL8CLl6qbLbleYEOTvhfv859-LN6rS_rBcU6_a3-OFGsg-vwUwlNwMEdelJ1-Y22a-fqzg,Nautìlus,Nautìlus,,235,Senna,200,UTILITY,0,1,0,2,3.0,35,1.84,5434,286.25,10066,530.25,24,1,0.75,11,"[3877, 3134, 3009, 0, 0, 0, 3340]"
10,NRqLIYgNzV2toCDR5zyU4g8eGXRtRhYeVvYWMCDb4zDY2n7JZwoNah06NpkNP86DW_v8O_8M5GRVCg,Senbonzakuura,Senbonzakuura,,92,Riven,100,TOP,1,12,2,8,10.0,143,5.75,12266,493.6,21486,864.63,11,2,0.526,15,"[3742, 2055, 0, 3111, 3161, 6692, 3364]"
10,Jw9D2UBj7i91LNH-KpbwplkqVa6_vXij2cSntjEKIly5ldDpR_0oRRuP4sHmzRDalkkyNCNocpNb4A,TheHodgee,LaW,,200,Belveth,100,JUNGLE,1,9,6,3,2.0,142,5.71,10676,429.62,9795,394.16,12,2,0.316,13,"[2019, 6672, 6631, 3047, 3133, 2055, 3364]"
10,cFGmlMzqMfsrtAkHXkYPKqRHGEjXhMUV0A5AX65Olpn8XpGTkDQnorFlyhl5lv7P3uIXCNGSHM27YA,Roy Keane,Yusuke Urameshi,,84,Akali,100,MIDDLE,1,8,5,8,3.2,145,5.84,10248,412.39,23043,927.28,23,3,0.421,14,"[2420, 3152, 4646, 3020, 1082, 0, 3364]"
10,DBSZu7RChH7THvSQ8BlkZP98dFitTbSQdsVKdWfICq3zz2177ETtji2795ICXtqFRtGFfHL2ncW7yg,DaSparrow,DaSparrow,,51,Caitlyn,100,BOTTOM,1,8,2,12,10.0,126,5.07,10759,432.96,15781,635.05,13,0,0.526,13,"[1055, 3006, 3095, 3046, 3035, 0, 3340]"
10,WD6ZyrInHL8CLl6qbLbleYEOTvhfv859-LN6rS_rBcU6_a3-OFGsg-vwUwlNwMEdelJ1-Y22a-fqzg,Nautìlus,Nautìlus,,143,Zyra,100,UTILITY,1,1,5,13,2.8,58,2.33,8218,330.7,13990,562.98,36,1,0.368,12,"[3871, 3118, 3020, 3116, 0, 0, 3340]"
10,u_XdiDci-8RqmO9Ictp7XZa1_tDpKOxGqGy1qQI3xLgeAq6ZuSQzVFJ9j56QC5qbNgeEbUabjIATiw,AsianKed,JapBoi,,82,Mordekaiser,200,TOP,0,1,10,1,0.2,103,4.14,6022,242.33,7645,307.65,6,0,0.1,12,"[1056, 3116, 3111, 3147, 2022, 0, 3340]"
10,X3srNu-a3VTM7BFcjVn01gzD8GdixsYpe3XtxiOTAx1KXBd9oAhtRBvxM48Wzfx555SZ6o2xSrxSyQ,C10H15N Enjoyer,C10H15N Enjoyer,,64,LeeSin,200,JUNGLE,0,7,6,4,1.83,128,5.15,10190,410.06,15201,611.71,16,1,0.55,12,"[3111, 6610, 3071, 2019, 3133, 0, 3340]"
10,I_El4YKbvRCFVw8-G-oFPY0wO6eVQ7AfoAuR9aL7fkzNuVtOY3zgYNozWaGJWVAjNQYWl2J93koQhQ,,Kieran,,103,Ahri,200,MIDDLE,0,1,7,5,0.86,83,3.34,5717,230.06,8336,335.45,4,0,0.3,12,"[1056, 6655, 3020, 0, 0, 0, 3340]"
10,mvUd5MMQdVzzWEGFybTy__6waldpS4S_IbNkkTvcLXA6rK1MM4MBicOrABe9MStxiLyWitv65iMDeQ,SteventHo,SteventHo,,22,Ashe,200,BOTTOM,0,9,6,4,2.17,117,4.71,9944,400.16,13583,546.6,19,0,0.65,12,"[1055, 6672, 3006, 3078, 1043, 3086, 3340]"
10,RzLhgpo8ZocJjAkf92YWRz0JePwrXuwZfAh1WQoGj2WKXpTqjv3LFxKAyBsVTRjTZfJeRrYNfz5GCg,NachoManBaby,NachoManBaby,,164,Camille,200,UTILITY,0,2,9,14,1.78,16,0.64,7567,304.51,15086,607.08,39,0,0.8,10,"[3877, 3078, 3047, 2021, 3133, 0, 3340]"
11,pYiO8J-hv1qHx9OHwc5RoeLK5DgCLrLU5h5B1hpa8rBd2ikaIZwD2Z7YS6yxvHpRJB7t7MTWAGfWTg,xxqcspaceknight,xxqcspaceknight,,2,Olaf,100,TOP,1,10,12,5,1.25,179,5.71,12528,399.83,44587,1422.99,8,0,0.319,17,"[1055, 3074, 3047, 3073, 1043, 3153, 3340]"
11,chHQy2yBvwP9T6D61HlBCy-RkX-XfR6Fgiv-2yjULXqqiS3Lmn0cTe-e0IlOCI4B_8CwyJenYKmYRQ,PizzaParker64,LookingForMilfs,,32,Amumu,100,JUNGLE,1,14,5,9,4.6,209,6.67,15105,482.07,28471,908.65,17,0,0.489,17,"[6653, 3075, 3047, 3068, 2504, 0, 3364]"
11,FJXxjBTftHPujer9J9opDkEL_xiZN4-6Esj6msqGVzVoW23Vlb2tfcXU8jlYx_NLPtwtWLWxteHqcA,FRVNKEYSPEED,FRVNKEYSPEED,,99,Lux,100,MIDDLE,1,4,6,9,2.17,138,4.4,9690,309.26,23568,752.17,11,0,0.277,15,"[1056, 3020, 6655, 4646, 3145, 0, 3340]"
11,Ox6Q2e9ytOJqudIsFOfJCRSGHcI7Gwh8G-nTsOq0Vh1sLQUCAykYhIxi70WGLmh03AH67xr3dQAVzQ,xPorg,Porg,,145,Kaisa,100,BOTTOM,1,10,3,7,5.67,189,6.03,14374,458.74,25667,819.16,21,1,0.362,15,"[3302, 3091, 6672, 3006, 3124, 0, 3364]"
11,u5xUy2tlUzqm977WQrUKeBaAoo-SPn3OR08EAany22NPp_Wcfj5dC5nbJBV22kXR2r3FQxW-m8q_Sg,KozMaster,KozMaster,,154,Zac,100,UTILITY,1,9,4,16,6.25,117,3.73,13133,419.14,25377,809.9,53,3,0.532,16,"[0, 8020, 3158, 3065, 6665, 3068, 3364]"
11,ji-cu4vftnbpV9neHZjnldlGWw7WA3uFqlDPIEtf6On7lL9CjjBe0om-5Z7stxEfpUaViaxNVpsd4Q,LowSilverGuy,LowSilverGuy,,35,Shaco,200,TOP,0,11,8,7,2.25,99,3.16,11596,370.09,27080,864.26,4,1,0.6,15,"[3153, 6653, 3157, 2055, 1052, 3020, 3364]"
11,D0Yx2pj7g-Vg09USKv0C5oJU7jBRJnlPZH_2J1S7gKTcPKFR8C_7azjkluX12K9MXt80j_2qYHTr4g,hryyn ,spam,,5,XinZhao,200,JUNGLE,0,3,13,11,1.08,122,3.89,9093,290.2,20426,651.89,11,1,0.467,15,"[3053, 3111, 3748, 3082, 2055, 0, 3340]"
11,bawm8BeDnRZoUrUe89jUwogz8T7VzIdNKQQ3BpKqI-QK5aRSVfKatQvi6bhZKYqyxGFLnKQ8dl_jDg,toxicgaslighter,toxic gaslighter,,268,Azir,200,MIDDLE,0,10,11,8,1.64,174,5.55,12379,395.07,32921,1050.67,13,0,0.6,16,"[6653, 3115, 4645, 3147, 1052, 3020, 3340]"
11,haj0pPeBx34qjNiUzR2f-hFv4N7lSnzLtcCNgX2QkLj5votqU4-W_DX_spA7ADNuLTWac1gK6W3M4w,CommadorBatman,StormBender,,901,Smolder,200,BOTTOM,0,1,9,7,0.89,237,7.56,10431,332.9,17053,544.24,18,2,0.267,15,"[3009, 3508, 6675, 1055, 3086, 2015, 3340]"
11,WD6ZyrInHL8CLl6qbLbleYEOTvhfv859-LN6rS_rBcU6_a3-OFGsg-vwUwlNwMEdelJ1-Y22a-fqzg,Nautìlus,Nautìlus,,53,Blitzcrank,200,UTILITY,0,5,6,12,2.83,48,1.53,9834,313.85,14011,447.16,54,8,0.567,15,"[3871, 1031, 3066, 6657, 4401, 3117, 3364]"
12,qfZq0MCl9OARJbn7SPWlaFY_R7XIiBRkib0k2g-r8-LQz44D3B7GccnflIHcudPK71vedBgWPgSaLA,ImCringeSorry,venti,,114,Fiora,100,TOP,1,0,0,0,0.0,0,0.0,506,271.07,0,0.0,0,0,0,1,"[1055, 2003, 0, 0, 0, 0, 3340]"
12,y0RJNP6NPGS0v8Z_1kcw79z0RtZjCsknDPOyiz_mZCGOBKYJrU3UJTTAZJkPUbv1l1ALxrhU00pL5w,CtlAltDelicious,CtlAltDelicious,,106,Volibear,100,JUNGLE,1,0,0,0,0.0,4,2.14,596,319.29,0,0.0,1,0,0,2,"[1102, 2003, 0, 0, 0, 0, 3340]"
12,zCaZM1H9BEqYSV2EzbZ0AZcjeByGrZziwHLhLMpJGuLRXaFFQIdazhTGF030OvHbL5iafkm5uATMDw,Not Figgis,Not Figgis,,777,Yone,100,MIDDLE,1,0,0,0,0.0,6,3.21,616,330.0,75,40.18,1,0,0,1,"[1055, 2003, 0, 0, 0, 0, 3340]"
12,PSnqYF3ZvAQ4P6iX43bcbsjZYJSqvVfNIGagxKoWU7SGf7vRF7wOBkDaCiK9VGk76d6M5IvwGrSlLw,Kelseyxxx,Kelseyxxx,,901,Smolder,100,BOTTOM,1,0,0,0,0.0,0,0.0,506,271.07,0,0.0,0,0,0,1,"[1056, 2003, 0, 0, 0, 0, 3340]"
12,RMsTQPdp6gDCgAFd5MIE0F67GIRAR4BUqfyBnx5xGnROrgnopZzgzyV-jYCbz92k5JsqxdTOtEFqjw,leafsoda,leafsoda,,350,Yuumi,100,UTILITY,1,0,0,0,0.0,0,0.0,507,271.61,0,0.0,0,0,0,1,"[3865, 0, 0, 0, 0, 0, 3340]"
12,rqaj9JS7F3r9Th05ykxZDcMXR2hSnF18UW2mnsKF6EnkAGEDCuyhlbj1x92U5KQpcM_1w5nwmykBfw,SirN00b,SirN00b,,154,Zac,200,TOP,0,0,0,0,0.0,0,0.0,506,271.07,0,0.0,0,0,0,1,"[1054, 2003, 0, 0, 0, 0, 3340]"
12,UpRCRKq9D1f7HPEQbGxg0bxEoQ7j9aYuxHkNDyZLAfHsyPGisxYwqUCiDzdJRJb4ePaSL1m77KU4eg,GinYah,Prysm,,60,Elise,200,JUNGLE,0,0,0,0,0.0,0,0.0,506,271.07,0,0.0,0,0,0,1,"[0, 0, 0, 0, 0, 0, 0]"
12,KZId_qvaFMa-9uxyiifQDGX-LG8VcvJVCMU5jMbeH3tt6oYdssQlwJLX44V10lOjzu97aaGL7M-wNA,Akio The Hero,Shensei,,238,Zed,200,MIDDLE,0,0,0,0,0.0,2,1.07,548,293.57,144,77.14,0,0,0,1,"[1036, 2003, 0, 0, 0, 0, 3340]"
12,AsQJnEcoaKPTJSWzimJMHMtdnOUYTBrp4WqRY5YN7IUfhjzrgXuLiCnBZyUz2GgtlDPgANETcuy2Xw,LaChatalere,LaChatalere,,51,Caitlyn,200,BOTTOM,0,0,0,0,0.0,0,0.0,511,273.75,0,0.0,0,0,0,1,"[1055, 2003, 0, 0, 0, 0, 3340]"
12,WD6ZyrInHL8CLl6qbLbleYEOTvhfv859-LN6rS_rBcU6_a3-OFGsg-vwUwlNwMEdelJ1-Y22a-fqzg,Nautìlus,Nautìlus,,53,Blitzcrank,200,UTILITY,0,0,0,0,0.0,0,0.0,507,271.61,0,0.0,1,0,0,1,"[3865, 2003, 0, 0, 0, 0, 3340]"
13,yPP1dXXlzBzL8qXsY8ZZos2ap9OhaO9fGFAFlVUSIgywwkYfJ_XCRBGKe71VkkvPOnmUhR0z1yGBeg,Sp00mSauce,Sp00mSauce,,266,Aatrox,100,TOP,0,3,16,9,0.75,160,4.04,11812,298.53,29749,751.87,30,1,0.316,16,"[3053, 6610, 6692, 3111, 1036, 1029, 3340]"
13,rlaFSwlh2Qoq9h-xIn6khkXu732LQYhZEQH3pp55nzXmYrTpT4-vHXEV0zCd2iBAfpHa6DiAXk1Jdw,MrSatire,MrSatire,,28,Evelynn,100,JUNGLE,0,13,12,6,1.58,123,3.11,13947,352.49,30712,776.21,12,0,0.5,15,"[3041, 4645, 3020, 3100, 4646, 1052, 3340]"
13,3igAdaiE69uzbDl-5HRmyAEQptigW14vwA4fTmQfnFDdTuPZA3cqVzvci0_b13y5EmJnUHZMnnzDVA,Mehyle,Sytobe,,61,Orianna,100,MIDDLE,0,5,7,13,2.57,181,4.57,12851,324.79,29684,750.23,18,0,0.474,18,"[6655, 1056, 3040, 3020, 4645, 3113, 3363]"
13,q-pn7sho3No5a1JWMfje5uZOYosvEb5KuyShUmH0QMEDvdWwWJQMMR59SAPg1v3I_LG41xvAdKZu7Q,,LotsOfCups,,222,Jinx,100,BOTTOM,0,10,8,7,2.12,248,6.27,15645,395.41,28583,722.4,20,0,0.447,18,"[3033, 3031, 3009, 3046, 3085, 6670, 3340]"
13,WD6ZyrInHL8CLl6qbLbleYEOTvhfv859-LN6rS_rBcU6_a3-OFGsg-vwUwlNwMEdelJ1-Y22a-fqzg,Nautìlus,Nautìlus,,25,Morgana,100,UTILITY,0,7,8,7,1.75,104,2.63,12436,314.3,31827,804.39,92,4,0.368,16,"[3871, 3135, 3116, 6653, 3020, 3916, 3364]"
13,HVTE0aZtAnROn4sdc4rTLo5NAuGuwLLIIK6FtYZkoPT_gRnU8JbiUT16Q3NdqKtkYKB4OdvFWwKGug,Alexsfly,Alexsfly,,82,Mordekaiser,200,TOP,1,12,5,10,4.4,198,5.0,14286,361.06,37924,958.48,24,1,0.431,18,"[6665, 3116, 3065, 4633, 3076, 3047, 3340]"
13,tMcdmATyoTcdL1CGIbP-SQtm9qQSxdlN8pavGxjRmnPmCMkFVAM529Ry2N3kVBhc_pkXV9UoaHfQJA,OneGoldenNuggies,OneGoldenNuggies,,27,Singed,200,JUNGLE,1,9,6,17,4.33,261,6.6,16592,419.34,36329,918.17,27,0,0.51,18,"[4629, 3009, 6653, 3135, 4633, 1057, 3340]"
13,_FrA1O1k4wO_JecH7dfLJLjGt5OfddiXS4taRAEASYrukd2yZA0TUg8H3Ctw-f9tPPwXa3RkhQ7agA,JT Dreik,JT Dreik,,4,TwistedFate,200,MIDDLE,1,8,11,4,1.09,231,5.84,16131,407.69,24724,624.87,26,1,0.235,17,"[3100, 3094, 3118, 3158, 4645, 1058, 3340]"
13,DKpYbjJcACaM1G0MLz7-uHCU_OaPOotbotmqpnIbp49jlTYIT7XDmFtjPcN7tcPgWgl9qeuHIR3ZLw,M3ntis,M3ntis,,147,Seraphine,200,UTILITY,1,4,6,26,5.0,92,2.33,11717,296.13,31974,808.1,27,4,0.588,16,"[3040, 2503, 3089, 3020, 0, 0, 3364]"
13,jdDJNZOAv8Z2h1nI8H3ITZDL3MqU3sivyRZqJPtDeUCp_Aq8KAXNOI0bzN2npCIYD126UPZOebUfZg,mangemoe123,mangemoe123,,51,Caitlyn,200,BOTTOM,1,18,10,10,2.8,157,3.97,16761,423.61,42890,1083.99,21,0,0.549,16,"[3094, 6676, 3006, 3031, 3036, 1053, 3340]"
14,Amzp36Ka1mN11rZhO5jKp8-0bN6pMyet7zah3mbiHhghNFbxlYuiOWPpIAYlz2-s7UIQIz0Nrq6I4w,SPYDAWITTAROLEX,ROGUEKILLER,,6,Urgot,100,TOP,1,3,3,4,2.33,128,5.1,7884,313.9,17176,683.85,13,1,0.304,14,"[1055, 3071, 1001, 1037, 2021, 1028, 3340]"
14,XgsWpJRs7CLpmrhTaVciWoUPcmTBQZfiosTzgt_ktACZ1HzCozrtENQBdcyHyc69-8ZApdM5nXXUUg,AyoubMLD,AyoubTheReaper,,875,Sett,100,JUNGLE,1,8,2,4,6.0,152,6.05,10480,417.25,16920,673.66,20,1,0.522,14,"[3053, 1028, 6631, 1028, 3009, 0, 3340]"
14,J79mhwJTxTHevCkNw7lg7zozpszwn8PqDCnevPo_vu1YljPjImhOhQ3nJZoHzTC_4bd25lSutitZww,staysimplelaw,StaySimple,,112,Viktor,100,MIDDLE,1,3,3,2,1.67,168,6.69,9121,363.15,19510,776.78,3,0,0.217,14,"[1056, 3100, 2503, 1082, 3020, 1052, 3363]"
14,kPdSAI7qWIUXJbxP_93-3JBql9Qpi1dUseqVZJoq90w8QVxQDJgb_zLlnzRgHll4IGSt0uYTIl5TTA,SKT T1 Boingdon,HLE Rexterz,,221,Zeri,100,BOTTOM,1,4,2,6,5.0,167,6.65,9144,364.06,12608,501.98,17,4,0.435,13,"[0, 3087, 1036, 1037, 3006, 3085, 3340]"
14,VpTIvKXTv4lzvq7md0VJKnmGPDyHTugPrOBpX_fbIdWSAN3ucSw2lLhBhmrhSB6yiIPp9WxnnPFpTg,Grayite,Kira,,555,Pyke,100,UTILITY,1,5,4,8,3.25,32,1.27,7495,298.41,9874,393.13,62,0,0.565,11,"[3877, 3179, 3047, 3134, 1037, 6690, 3364]"
14,nGS7WtZrMoOVromutY-b_ZPEMsoZGs_pt6h48RwNVObxnM7aDQ9s88_aAFfk8ZQdRxEjvQQJ7_I53Q,,pgWang,,75,Nasus,200,TOP,0,4,6,0,0.67,197,7.84,10652,424.1,16396,652.79,14,0,0.286,15,"[1054, 3748, 3078, 3158, 1031, 3066, 3340]"
14,GfVcCR76drIw34GWFQxO6fTHvBdaQ6b_0e4oAicVJsG15eXa7WV2r6K7rHcF89jNrn5NxtuK_7-Aqg,Margenis,Colombiana,,60,Elise,200,JUNGLE,0,2,4,4,1.5,114,4.54,7377,293.71,7650,304.58,11,2,0.429,12,"[3113, 6655, 3145, 3020, 2055, 0, 3340]"
14,-hwiAmI4hijZ8h6L5DdaDPsEMguiwfyfIlhPyVquTUXS56wHwFOGvzryNQIPDKCSBD6wViXb5CTX_Q,SaitoIchose,Cocainaa,,157,Yasuo,200,MIDDLE,0,2,5,1,0.6,134,5.34,7407,294.9,7398,294.55,21,3,0.214,12,"[1055, 3153, 1036, 3006, 3044, 1036, 3340]"
14,2r5mXghSENx7eGB2VQGxuMa5k_KIyT3V6_1ZE6uIOASW1ncqkZVFmrFHJ_THXMm2UYn-O4YysdKtrw,AceTrainerVandy,AceTrainerVandy,,110,Varus,200,BOTTOM,0,2,7,5,1.0,122,4.86,7443,296.34,6255,249.04,16,0,0.5,11,"[3033, 3070, 3006, 3133, 1036, 0, 3340]"
14,WD6ZyrInHL8CLl6qbLbleYEOTvhfv859-LN6rS_rBcU6_a3-OFGsg-vwUwlNwMEdelJ1-Y22a-fqzg,Nautìlus,Nautìlus,,111,Nautilus,200,UTILITY,0,4,1,4,8.0,67,2.67,7514,299.16,11949,475.74,48,7,0.571,11,"[3877, 3076, 3742, 3047, 3066, 2055, 3364]"
15,B2yl85FPXBbsI-nxgQDEiIF3_k-shxuC6T-hI_5iL5dycGZoj3j9pG39tofp16a29sfQCk1mjszTiA,Singed du marais,Singed du marais,,887,Gwen,100,TOP,1,7,1,0,7.0,146,8.4,9593,551.85,13256,762.57,6,0,0.389,13,"[3115, 4633, 1058, 1001, 0, 0, 3340]"
15,UuKCjtwtzMOvC0XFdWq5z8YT2hvaYU-wpSNfFeuhE6FYiSVNgNQEaH7T6Z2Z458mgagSLPVCm_ln1g,painbeurré,painbeurré,,121,Khazix,100,JUNGLE,1,4,6,2,1.0,72,4.14,5977,343.84,5162,296.95,4,0,0.333,9,"[3142, 1102, 3134, 6690, 1001, 2022, 3340]"
15,-tOyhvi_XRSq6okaasJIfST8oW7_Q3T_HhbCjvJkNPeX_YkYrOLFEeg8dtaNPqdZz4xuUJ3Q19JfXA,,FriedChicken,,777,Yone,100,MIDDLE,1,2,5,2,0.8,86,4.95,5276,303.51,10061,578.77,6,0,0.222,11,"[1054, 3006, 3153, 0, 0, 0, 3340]"
15,OnlapYalJbh-RhX6JD_MBi3kUHpUg6lAnzLZOK_gvWxWgqa0p9R--WN0o8MEZxfOtUeKVWZ9LXwRMg,khingkhayo,khingkhayo,,67,Vayne,100,BOTTOM,1,4,3,4,2.67,92,5.29,6788,390.49,6953,399.98,2,0,0.444,9,"[1083, 6672, 3009, 1043, 1053, 0, 3340]"
15,WD6ZyrInHL8CLl6qbLbleYEOTvhfv859-LN6rS_rBcU6_a3-OFGsg-vwUwlNwMEdelJ1-Y22a-fqzg,Nautìlus,Nautìlus,,143,Zyra,100,UTILITY,1,1,0,5,6.0,44,2.53,5098,293.27,9175,527.8,32,5,0.333,9,"[3871, 6653, 3020, 2055, 0, 0, 3364]"
15,KEEbQDCQi9POajnJPM4QcnQ_HMk05Uy44dY2EQmIh9T7jjbIbSszJF9HnyKkE0pDkvkd5St0mQhHUQ,SylasLovesHentai,29052024,,223,TahmKench,200,TOP,0,1,3,0,0.33,48,2.76,3918,225.39,5334,306.85,15,1,0.067,8,"[1054, 6660, 3211, 0, 0, 2003, 3340]"
15,O4HgwHW170ngs9UNkScv62F_aAVxEcHZhDmgo8JZLpC9MiW-qum4vG5Uv19m7EHFmBT1sxdKy_ScKQ,,Nezuryo,,234,Viego,200,JUNGLE,0,3,4,3,1.5,97,5.58,6073,349.36,7208,414.65,15,0,0.4,10,"[1102, 6672, 3111, 1043, 1036, 0, 3364]"
15,Qdw3--MWg0VaqpGMnVpdKil7yQ1YSKbmBvlMbIF_j-5DrQ6vkvcz1-3g9tkWbsEirgJUc3M4mjZzmQ,,戰爭之美,,517,Sylas,200,MIDDLE,0,5,3,1,2.0,97,5.58,6226,358.16,13820,795.01,12,1,0.4,13,"[3152, 3108, 0, 1056, 0, 3020, 3340]"
15,SD9vKTbo7itypV3ueFdFe6BYH9YPDLocHKQI1bZsDQHmIEA8xOffZYet9uEMHZU0SdRG6aRNpTUl7g,CosmicShogun,CosmicShogun,,21,MissFortune,200,BOTTOM,0,4,4,2,1.5,112,6.44,6305,362.7,8779,505.02,3,0,0.4,9,"[3072, 1043, 2010, 6690, 2422, 1036, 3340]"
15,yfMNLNC04kGs2ss8nr-W7C48pGWF2o1Ulpj25GpiB-uIxpJbidNITGKpoUvqSJvCbBO0MeUGZLn3wQ,JSDarkSlayer,IllIlIlIIl,,412,Thresh,200,UTILITY,0,2,4,3,1.25,27,1.55,4696,270.14,3924,225.73,29,2,0.333,8,"[3876, 3190, 3009, 1029, 1029, 0, 3364]"
16,8OhR6I3TglVmD7SNgkydsuigS1NlJCGjlG0hlrqWjisOPPFBggVXAIIGh9WZd5wSty58jDjdL7xQLw,MrTimmes,MrTimmes,,36,DrMundo,100,TOP,1,6,6,9,2.5,268,6.95,16284,422.05,35291,914.67,16,0,0.366,18,"[3076, 3084, 3111, 3083, 3065, 2501, 3340]"
16,pbvR72rFMhWA1UU3bHsivCwlgVjr5aLAfizaCfUaQB1USZIu-VjnfbKtAAhK6P7-SZhPdOpl5uQiCw,,BigBlackBob,,33,Rammus,100,JUNGLE,1,4,10,12,1.6,197,5.11,12954,335.74,16493,427.46,32,0,0.39,17,"[3020, 3143, 3075, 3742, 3068, 0, 3340]"
16,6gUQ2oFHOJlQ4QtTtThKSVEjlGZZ7Sdr-egU8B2_X1TcymIT0ua3qt4o1smOhT5Q0hWErVcgS-O43A,Ti noir,Ti noir,,45,Veigar,100,MIDDLE,1,19,4,9,7.0,234,6.06,18791,487.02,45569,1181.05,29,0,0.683,18,"[3145, 3157, 3020, 3089, 4645, 3040, 3340]"
16,EVPYoOQaprV3wxPOq0vujVXtCZ6Nw2TTrfnImvFmu4LjeHXUHeX1bNpPzimfuJLnvYeRxkR2WLutsg,Boubou11,Boubou11,,42,Corki,100,BOTTOM,1,5,7,14,2.71,163,4.22,12701,329.18,23596,611.56,26,0,0.463,18,"[1018, 3042, 3078, 3158, 1038, 1037, 3340]"
16,_M6GOosf0G5-9rZbtnTyJe-bfd69rkKscW7oKXoOVNg-UIxEsb2YFJzdQFrkkRGFHaIySRAtX5wmlQ,ChabtheSuperstar,ChabtheSuperstar,,99,Lux,100,UTILITY,1,7,6,19,4.33,57,1.48,12713,329.49,34508,894.38,30,0,0.634,17,"[3871, 6655, 3020, 4646, 4645, 3802, 3340]"
16,J2-hrkqDEGC7fb_t826h6A5Ax28HzL7a4xSNmTPLuZifJsztCI-_geHSxNTZeFUqIDh8ATGjzTEo4g, Doffy21, Doffy21,,48,Trundle,200,TOP,0,6,8,6,1.5,263,6.82,15592,404.11,22529,583.9,23,0,0.364,18,"[3111, 6609, 3153, 3065, 3078, 3066, 3340]"
16,QDOenSpm6NaxqftQtPJpy71QFjN7arobSA3EX4tVt1FAaUG5LvHH0LBBTgfbwJYv2AD_JgjoEEyliA,KairiM,KairiM,,24,Jax,200,JUNGLE,0,9,9,9,2.0,221,5.73,15341,397.61,38745,1004.19,25,0,0.545,17,"[6610, 3078, 3157, 3111, 3053, 1042, 3340]"
16,PbJcgEXTELWf_LxucjQyDqMlCdGLnXPmJwF0n1A91uNp-j0htuVTIiCHHXiCR7-bLy_dKadu3w1aUA,shinyuy,shinyuy,,238,Zed,200,MIDDLE,0,7,12,10,1.42,173,4.48,12636,327.5,41127,1065.93,23,4,0.515,16,"[6692, 3111, 6699, 1037, 6694, 1036, 3364]"
16,5qmp9mAoOh3euf-xxFDcLe4_973C8agP2nrzZ3qfogaZtqE9VxcrtoqcBrlyRWtMO3bNKGzs9gwmRw,XioNee Yi,犯困の阿芯,,147,Seraphine,200,BOTTOM,0,4,8,9,1.62,165,4.28,10958,284.01,14449,374.49,21,0,0.394,16,"[6655, 2503, 3020, 3070, 6653, 0, 3340]"
16,WD6ZyrInHL8CLl6qbLbleYEOTvhfv859-LN6rS_rBcU6_a3-OFGsg-vwUwlNwMEdelJ1-Y22a-fqzg,Nautìlus,Nautìlus,,235,Senna,200,UTILITY,0,7,6,14,3.5,79,2.05,12709,329.39,24054,623.43,73,11,0.636,15,"[3877, 3142, 2055, 3033, 3031, 3009, 3364]"
17,EmNZwFsxToTAoBEbGTy9N0pU6wkfHrOYmyRFMttumeiMGRhrVmVvleGvmZCLtAlE1aXBoZHeeijD3Q,High Functioning,High Functioning,,2,Olaf,100,TOP,1,4,16,6,0.62,196,5.25,11875,318.08,21373,572.49,18,0,0.179,16,"[1055, 3047, 6631, 6610, 6333, 0, 3340]"
17,-kWJwOVw6g7rLh4grOuldl1QZbDLEFwhBLHQlOfcmisV8gkDtDS2id6vAgD0iYoKIsNjScwd5a3svg,SpartacusShield,SpartacusShield,,68,Rumble,100,JUNGLE,1,19,8,15,4.25,231,6.19,19416,520.07,46337,1241.17,17,4,0.607,18,"[4645, 3089, 3157, 3020, 6653, 3067, 3364]"
17,F5uU-qeNznC-OOEfDWi1UVYHz-Y-9WjHwmT4CH7GqB5k1BFbvB3cQw7CfRKeLHvJviZpg5NX7GXWFQ,RacoonFeller,TacoEater,,1,Annie,100,MIDDLE,1,11,5,11,4.4,188,5.04,14321,383.6,29126,780.16,19,0,0.393,18,"[1056, 2421, 3118, 4646, 3020, 3089, 3340]"
17,clt69r_WR4XR70cNsp4ElfDLtPQKAyJgcPfOMXP96wdRD0kAwU57FKVhafrEUF0MMPorTq6ZkkYuUQ,Odlarek,Pat,,18,Tristana,100,BOTTOM,1,6,9,16,2.44,183,4.9,13898,372.27,28383,760.26,22,0,0.393,17,"[3153, 2504, 3006, 6672, 3302, 0, 3340]"
17,WD6ZyrInHL8CLl6qbLbleYEOTvhfv859-LN6rS_rBcU6_a3-OFGsg-vwUwlNwMEdelJ1-Y22a-fqzg,Nautìlus,Nautìlus,,111,Nautilus,100,UTILITY,1,16,5,28,8.8,78,2.09,15720,421.07,35962,963.27,73,2,0.786,18,"[3877, 3047, 3742, 3143, 4401, 3075, 3364]"
17,falSdTeSJuga4vfCdDRuCK4-QsafGsNAzca5rrEZy7VR9lh3guVhv6dz3ocBVImhbexANKukcTBpLA,snowwyowlz,Snowwy,,86,Garen,200,TOP,0,13,11,3,1.45,230,6.16,17935,480.4,35490,950.62,22,0,0.372,18,"[3031, 3046, 6631, 3006, 3033, 2504, 3340]"
17,iofPzUNHnNg1ExKyszpRK5USLb3jnHJLdP2OijGFXFpuikuk9p3ZTqS5ZV1CFZmGR0QKIx-uVlBxlQ,Griffithnegs,KEI,,141,Kayn,200,JUNGLE,0,4,8,7,1.38,221,5.92,12796,342.75,15891,425.65,33,0,0.256,17,"[6692, 3047, 3071, 3161, 3067, 1029, 3340]"
17,IWonnuD6bu09GLPMGcaS37qwNRmv_FdMf4V0snbBs8ZDXS9cLpttM_p1Z8QRidoOA0AiW5_q06dAOg,Ricky tiki tabis,Ricky tiki tabis,,55,Katarina,200,MIDDLE,0,5,10,10,1.5,158,4.23,11697,313.31,19980,535.18,14,0,0.349,17,"[1082, 4645, 3115, 3020, 3089, 0, 3340]"
17,fV482lvpoSyt2RnkBGziV43R6tWttBJQ0UJBRF-3qF5-pN3lF7-FnqKoelDm6n8HyJ3n-5dby5JB4w,Trxinty,Aiph,,221,Zeri,200,BOTTOM,0,11,14,7,1.29,199,5.33,15684,420.11,25764,690.11,22,0,0.419,17,"[3031, 3006, 3087, 3085, 3036, 6670, 3363]"
17,GNkuQJLcsrZDuGjT_U1VURbMih6ifzB_OKBmLrw-x54dEXykb1f9p3tMGvs-VaRprseKe5Z7n2ALQQ,,Fycronbruh,,54,Malphite,200,UTILITY,0,10,13,7,1.31,91,2.44,14022,375.59,38327,1026.62,50,0,0.395,16,"[3871, 3118, 4646, 3020, 4645, 1058, 3364]"
18,0oPrwQNXRR3fWOMAYWwduhVLRs7oJNCsqTOq_z87qgkqFLDjfp1r6kR2eYtc32zuazWBo5P0hYnsZQ,MrAwesome419,Mrawesome419,,114,Fiora,100,TOP,1,5,2,4,4.5,93,5.94,6864,438.13,7952,507.57,8,0,0.333,11,"[3074, 1055, 3047, 3057, 3044, 0, 3340]"
18,XPA_WiM4rA0BbN3daRWjBlgA0o5vc5XoEko49EOVjhTallKVDf5OS2kQNb1t3bdQ09Zw2DUGmts6_g,,EnlightenedFist,,254,Vi,100,JUNGLE,1,5,4,5,2.5,81,5.17,6399,408.45,8179,522.06,5,0,0.37,9,"[1101, 3031, 3047, 3134, 0, 0, 3340]"
18,OIuhqhcFXtmb-EeOfjskMmtvfMGsyZGMbZLj2ZPJI9tCvJ6fJeAwzZDNAprLtKY0_imR98q17Ok1aQ,LuvYani,LuvYani,,777,Yone,100,MIDDLE,1,4,1,5,9.0,108,6.89,6658,424.98,7638,487.53,4,0,0.333,11,"[1054, 2031, 3153, 1018, 3006, 0, 3340]"
18,Y2HjGKJNDuBUvXo5L87OgLIktLD2h8uxqDCH4LLx76uwyjYfzkQPpRZ4gwUzfNhYu2qg63h5o8bdfA,asdbqw,integg,,21,MissFortune,100,BOTTOM,1,5,0,9,14.0,109,6.96,8211,524.11,11145,711.38,8,0,0.519,10,"[1055, 6672, 3006, 1038, 1018, 1037, 3340]"
18,n_p2yMfziycSIft1cPGzuchJn7iBemXfYVrNrt_qJcfJ8MCL09Z0vaWjj9aZ7Z0ovUVW1aCLioyKZg,Supportal Kombat,YourFirstTahm,,99,Lux,100,UTILITY,1,8,0,7,15.0,20,1.28,6248,398.81,10520,671.49,24,2,0.556,9,"[6655, 0, 3871, 3020, 0, 0, 3364]"
18,97-es8GzriMcDOlggaXIm4V2XonIAZMHDhxGDB0IWbFXr2cfTgr7rnm54-SJ4OdoaQJCT8wSZiJ9FA,KronicSlaughter,KronicSlaughter,,6,Urgot,200,TOP,0,2,7,2,0.57,70,4.47,4931,314.74,9517,607.47,7,0,0.571,9,"[3075, 3047, 3067, 0, 0, 0, 3340]"
18,CX6nhNxcP3PpfY_ms5ocYI_w0mh4RR-JWPHvJXuTgfRGgY1_TfE_7Fd-wXdimYzc7gyZfYKD_2pmUQ,,tres,,267,Nami,200,UTILITY,0,0,4,1,0.25,16,1.02,3306,211.02,4912,313.53,13,2,0.143,7,"[3871, 1001, 2065, 0, 0, 0, 3340]"
18,zuP-ZTZiL1jN8kotUucyL_F3W6QsuuVaeiPmGu0uOM-gr4-CKACCzn--Q7-Ow53OFiiKIOtxG10sFg,ArrowBoiMid,RootChakra,,518,Neeko,200,MIDDLE,0,3,3,0,1.0,53,3.38,4175,266.49,7893,503.81,8,0,0.429,9,"[1056, 6655, 1001, 1052, 0, 0, 3340]"
18,8vE7m_0r0RTaG7b_oA1QXGftsAknwNegpoZVAJMvsQIw1Bz7EgYgzqndBLX_GWVTwpjX70BdvR9LCQ,,Kayn,,202,Jhin,200,BOTTOM,0,0,7,0,0.0,40,2.55,2978,190.09,4212,268.85,1,0,0,6,"[1055, 1037, 6690, 1042, 0, 0, 3340]"
18,WD6ZyrInHL8CLl6qbLbleYEOTvhfv859-LN6rS_rBcU6_a3-OFGsg-vwUwlNwMEdelJ1-Y22a-fqzg,Nautìlus,Nautìlus,,11,MasterYi,200,JUNGLE,0,2,6,3,0.83,67,4.28,4926,314.43,5883,375.51,16,1,0.714,8,"[1102, 3006, 1043, 0, 1037, 1053, 3340]"
19,uazCLgrhg_qr6Ko78tZVkhsEIfyTWOv-hiaAsT_RF-EnIT-eP3bBMfYFwbuglOSpajs0jtEjcq469w,,大句吧,,41,Gangplank,100,TOP,1,3,0,2,5.0,129,6.08,7478,352.18,9527,448.68,10,2,0.217,13,"[2031, 3078, 3111, 1055, 1018, 3134, 3340]"
19,qnAiBNsaeO4SBSCol0Xdxi07XB0CAaVzpbBn-Bugv98j3Ry1_j-J-HVoo7TkUSgV2PMjQCNhNwzcRg,hjfnbnb,kin,,234,Viego,100,JUNGLE,1,8,1,1,9.0,128,6.03,8694,409.45,9766,459.94,20,0,0.391,13,"[3133, 3153, 3111, 2021, 0, 0, 3340]"
19,_qxrVLXrUe502RmfkJNwnqkEds4SPH-YMUyqwO6JWZkQnQgSDpVOeaNJ-UYFFsAaC9UbCfd_N20r9Q,EKW857,Ewenkk,,157,Yasuo,100,MIDDLE,1,7,1,4,11.0,155,7.3,10687,503.31,12468,587.19,12,0,0.478,14,"[3153, 3006, 6672, 2031, 1055, 3086, 3340]"
19,BgoLxnJREPl0Zt34AXNdwUiymz1gZEQdJ898vCP-Rais1Q9Os3Ysz5V8ivnEGq2nycu-yydnKpiWQw,PlayboiiClarti,Playboii Clartii,,202,Jhin,100,BOTTOM,1,4,6,2,1.0,124,5.84,7005,329.91,9286,437.33,12,2,0.261,10,"[0, 3009, 1038, 1055, 3087, 1018, 3340]"
19,WD6ZyrInHL8CLl6qbLbleYEOTvhfv859-LN6rS_rBcU6_a3-OFGsg-vwUwlNwMEdelJ1-Y22a-fqzg,Nautìlus,Nautìlus,,143,Zyra,100,UTILITY,1,1,1,8,9.0,37,1.74,6138,289.07,16930,797.33,26,3,0.391,11,"[3871, 2055, 6653, 3070, 3020, 3916, 3364]"
19,6ZeRuGZpnjhgNOWxM2AqV3ytgPxw2LvaEjmedVr0iHC_p1qyTR7Ub7-8uDWmlMSqskggZ1LdCnuHuQ,i smash my homie,agreatchaos,,8,Vladimir,200,TOP,0,0,6,1,0.17,125,5.89,5814,273.81,14604,687.79,13,1,0.111,12,"[1056, 4645, 2031, 1028, 3158, 1052, 3340]"
19,bjMe4_NR3el6FCPoZ98wKy2-JZQ8XZDwj95ToA8387Sot8xwOKe9R0cZEFaaTyTP7LlxF0yPyh6sKA,,oodlz,,799,Ambessa,200,JUNGLE,0,3,3,2,1.67,103,4.85,7480,352.28,5787,272.54,13,0,0.556,11,"[3077, 6699, 3047, 1053, 1036, 2022, 3340]"
19,DeTvd7nr5tBq9SAdZh_oil_CSBU0_nPwOH7b3yKm7ytNEn4OlOUne42yKYMDi0QvNgP4bULlvf95aA,themessymessi10,themessymessi10,,910,Hwei,200,MIDDLE,0,1,6,1,0.33,110,5.18,5802,273.25,10324,486.22,7,0,0.222,12,"[3070, 6655, 3020, 1052, 0, 0, 3363]"
19,KEIJioveXpXLD3e48ZMXxMCTAr0irdQm4K7J53cQlrqFlDePsIaMqtrmCPSeGHf1kWVoi5lKf2eEtw,thesmannumber1,thesmannumber1,,50,Swain,200,BOTTOM,0,3,4,3,1.5,121,5.7,6592,310.46,11158,525.49,7,1,0.667,10,"[1056, 2503, 3009, 3113, 3067, 0, 3340]"
19,EYoYKB7TwaTVptDC7MIYojA0YAvqkky0hEL0xyqE7auuyr81s5eQFt4L3wpVBvwYTrETyhItxkQa3w,ChromozoneDiff,ChromozoneDiff,,44,Taric,200,UTILITY,0,2,4,5,1.75,28,1.32,5743,270.47,3580,168.6,21,2,0.778,10,"[3070, 3190, 3876, 3082, 3047, 0, 3364]"
20,fpxrb29UDDPpleigCpPiTFPgSiszh4pPdPFLvUVQXVp5VCz-zNaYydnxub1x3yBQg5zpNjoMblle0Q,joonghyuk03,Joonghyuk,,777,Yone,100,TOP,1,6,4,7,3.25,287,7.96,16297,452.07,48248,1338.36,27,0,0.31,18,"[3006, 6673, 3031, 3153, 0, 0, 3340]"
20,lXdl__ttOOX2YzH3H-phCV5ecB50BT2fqIzbuTa8seP2lg52Jz35DleQDWic18v85WVFV3QgG5g79g,Fulmetalal,Fulmetalal,,19,Warwick,100,JUNGLE,1,5,7,9,2.0,173,4.8,12380,343.41,18235,505.83,31,0,0.333,16,"[3065, 3047, 3074, 1028, 3153, 0, 3340]"
20,h7HXOgDSaXs4oQmB3vC3Gvphi8R2BVYs6pf1Co2fYtzDJ3GnGMT-NgxpfeKTcryiOqYXTn_RlXDDeQ,,hotlineabling,,202,Jhin,100,MIDDLE,1,17,7,10,3.86,183,5.08,17846,495.03,37786,1048.16,20,0,0.643,18,"[3031, 3009, 3087, 6676, 3033, 3155, 3340]"
20,dVSuelFG_PjlDzpjAGXpgClbwsqBt4pnZNJAJMTLmWo9FCZ9qV-qp8up0RqY3GI3bslXlOGEAioVRg,1oux,1ouxx,,221,Zeri,100,BOTTOM,1,4,10,10,1.4,154,4.27,11551,320.42,21623,599.81,15,0,0.333,15,"[1055, 3087, 3006, 3085, 3123, 1038, 3340]"
20,p50y4MLKwsogpG6XNdAdZdZ05pkLBT7GLSrc3dy9C_q5t5_YUih3OOCyHVsXTTKnnKXZ6qU2MUyLJA,TheSauseBoss11,TheSauseBoss,,25,Morgana,100,UTILITY,1,10,10,15,2.5,50,1.39,13749,381.39,39261,1089.07,52,2,0.595,16,"[3871, 2503, 3157, 6653, 3158, 3067, 3364]"
20,ffnEE_2jH0KWqUVJZv8LNAMTBepfQciTt1tzuHjC52Tebti-X-_0HYvIXK8JhbnLj089lx_ys-Olbg,ADCispointless,ADCispointless,,16,Soraka,200,TOP,0,0,7,14,2.0,174,4.83,9554,265.02,11706,324.72,8,0,0.368,17,"[1056, 3040, 6657, 3158, 3147, 2508, 3340]"
20,IrvPscEjfC1XUxOBnf1pezSiLulVOoOqptzIJHaNWiZsU0k2T7R0X1ZLWD-f6rOUuRh-7Za4bLksOA,Crenshaaw,Crenshaw,,887,Gwen,200,JUNGLE,0,6,8,11,2.12,232,6.44,13036,361.61,21757,603.52,18,0,0.447,17,"[2031, 3020, 3115, 4633, 3165, 2420, 3340]"
20,GCCF7pz-i8CrY7Wefvc3CgqVFYH1Vi8sd-FNXWOFBu-Za3i929two8NWzVV-I5rOb9NqsTamAAC8VA,CornBreadnChill,Corncobb33,,105,Fizz,200,MIDDLE,0,14,8,8,2.75,190,5.27,16461,456.62,29466,817.36,39,5,0.579,18,"[6655, 3157, 4645, 3020, 3100, 3916, 3340]"
20,UcUJ7s2Zx0Vguc7y8TpDSzeoAz6mezinPW3I9TUO8WYljkiQgUCXIuESYw_YOlo7NAjl2aKsy40yow,Berama,Berama,,81,Ezreal,200,BOTTOM,0,16,11,7,2.09,142,3.94,13867,384.66,46559,1291.51,14,0,0.605,15,"[3042, 3078, 6694, 3161, 3158, 0, 3340]"
20,WD6ZyrInHL8CLl6qbLbleYEOTvhfv859-LN6rS_rBcU6_a3-OFGsg-vwUwlNwMEdelJ1-Y22a-fqzg,Nautìlus,Nautìlus,,223,TahmKench,200,UTILITY,0,2,8,12,1.75,73,2.02,8997,249.57,13556,376.03,86,10,0.368,14,"[3876, 1031, 6660, 3076, 3742, 3111, 3364]"
21,t5glKxpGggHl68BIi2N1dBvp_czWSX_GIuiliF4RZuyFkthGwGJV5oKilPA54rfXuWrDp9uvuLXuCA,lKingOfSwingl,lKingOfSwingl,,240,Kled,100,TOP,1,12,4,10,5.5,184,6.04,13854,454.98,30657,1006.8,16,0,0.647,17,"[1037, 6698, 3111, 6692, 6699, 2021, 3340]"
21,IGEiyNe2BhE0b7cTri3bVhya0G33SCNYttLY-Xt6MKuNys0t5mUgi1VQI8qrjbAg34iZUlqUNpwWyQ,Jexer,Jexer,,41,Gangplank,100,JUNGLE,1,9,7,2,1.57,192,6.31,12841,421.71,10443,342.96,18,0,0.324,15,"[3031, 0, 0, 6676, 3078, 3158, 3340]"
21,F3C9LIGSBlYG7yAs_AsYM8r-9TTEUCxUpjfE6u014GICGbAq2KZ1ekNI68nTmmBk-5xRk4FgOwFJ_w,Widow98,Widow,,61,Orianna,100,MIDDLE,1,3,10,10,1.3,135,4.43,9326,306.27,11674,383.38,11,0,0.382,15,"[3040, 3020, 6655, 1058, 0, 0, 3340]"
21,0djtgmWUCyp14wwxzY3Hy30rDXiscOfgapdOgxU74O6BQ4taqbyE7ZUtTM5v4ESgfmB8ZqFHC7ClZA,FappedPanda,FappedPanda,,99,Lux,100,BOTTOM,1,7,3,4,3.67,197,6.47,11205,367.98,18845,618.88,22,1,0.324,14,"[3040, 3158, 4646, 6655, 0, 0, 3340]"
21,-FWLw8cns_mOU7reC-zb8qIYXViPAsPgIqfZP18s9gwEOefKrWgV0FLcU3Lx-nKPXuOxhFnDhPlgMg,HIGH Voltage7997,HIGH Voltage7997,,161,Velkoz,100,UTILITY,1,3,5,11,2.8,53,1.74,8369,274.84,16412,538.98,54,0,0.412,14,"[3871, 3020, 6655, 4628, 0, 0, 3364]"
21,glpiurDZvpfEh9HzPzhUmR5CmjR673Nl5WSfFIntLdMIad3XD-wUnvxrRaaYVz8dtbU9F9HYeN7mEQ,TimberWolves203,TimberWolves203,,92,Riven,200,TOP,0,5,7,2,1.0,160,5.25,9674,317.7,13428,440.99,17,2,0.241,14,"[6610, 2019, 1055, 3158, 6692, 0, 3340]"
21,3IxSGyh4EpzWFpGmIREqebCuAZMuQmoda8FkSsRy3iU23-6avIXmkpao1xjPn1k2B6iQy95WgdpNPg,DogWater112,Odysseus909,,32,Amumu,200,JUNGLE,0,4,3,6,3.33,181,5.94,10433,342.63,13748,451.49,19,0,0.345,14,"[3068, 6653, 3047, 3145, 3113, 0, 3364]"
21,_rF6T35gOOs8z1dUvcCdTFUpavw43xiBVyL9_PEMblT8Zc3IoIiIIN9qgYoWcVo-D9kZPv4P4-bmYg,,Kiefertin,,105,Fizz,200,MIDDLE,0,12,9,5,1.89,163,5.35,12193,400.43,28102,922.89,19,1,0.586,16,"[3020, 3157, 3089, 3100, 1052, 0, 3340]"
21,DG3dZEUM9WrbameOTJ4WzD6TiARAht0rcKtfJQLQ2dzORN-JEmY0pqE8yb7rNg4i4Ili518NzWNT-g,Ackaan,Ackaan,,63,Brand,200,BOTTOM,0,5,7,5,1.43,181,5.94,10615,348.6,24894,817.54,24,2,0.345,14,"[3116, 1029, 0, 6653, 2503, 3020, 3363]"
21,WD6ZyrInHL8CLl6qbLbleYEOTvhfv859-LN6rS_rBcU6_a3-OFGsg-vwUwlNwMEdelJ1-Y22a-fqzg,Nautìlus,Nautìlus,,20,Nunu,200,UTILITY,0,3,9,5,0.89,89,2.92,7985,262.23,7000,229.89,25,6,0.276,13,"[1102, 6655, 3066, 3076, 1031, 3020, 3364]"
22,R0sdgZP3IlfgPwYOyT85OCH9geDumEawwp_d0uhwO_mors5CaFbc8hhQOlwv5HHxlIpNmdUnK2Jl3A,AnnoyingAbs,AnnoyingAbs,,67,Vayne,100,TOP,1,18,8,11,3.62,216,5.46,18451,466.33,54912,1387.83,30,0,0.547,18,"[3153, 3072, 6672, 3009, 3124, 3091, 3340]"
22,v2afIajONhmIEopcXZvUvU9OyKT324qXlYOTP8jBD34dx7EC54fWBjwhPChdkNXYty702XPipTVT8Q,Sachinamikaze,Sachinamikaze,,78,Poppy,100,JUNGLE,1,10,4,13,5.75,154,3.89,14039,354.82,21449,542.1,27,0,0.434,17,"[2504, 6610, 3111, 6662, 3155, 3133, 3364]"
22,-WC2q9TCt0NIMlurGMWpn8Wiseb3UNKT8zVGTCbJxcHXQ_OdmjmPB-hgMXCj_INqhyiUodiPggoivQ,MoonTehFox,MoonTehFox,,910,Hwei,100,MIDDLE,1,11,6,14,4.17,212,5.36,15399,389.19,50154,1267.58,23,0,0.472,18,"[0, 3089, 6653, 3040, 3020, 2503, 3340]"
22,C9y8RR1pBzg3EkiD96VL_yN5AAJRpf3txculBOukqoKkniDAg2Z_ioboKlkVc8nwNShGD9PBu69Wsg,Stickydude,Stickydude,,360,Samira,100,BOTTOM,1,14,7,10,3.43,213,5.38,16845,425.74,40223,1016.59,24,0,0.453,18,"[3036, 3031, 6676, 3047, 3065, 6670, 3340]"
22,zYIRNP60NLnN1BQ-A4KbBboIftK6GKO3KbElq4C5GsXt1MYMAaTPxALpWlbKqVz2g_yuGg1z8tGOoQ,Desperaux,Desperaux,,16,Soraka,100,UTILITY,1,0,3,8,2.67,18,0.45,9207,232.7,3250,82.14,21,0,0.151,11,"[3870, 6617, 3158, 3114, 3114, 0, 3340]"
22,MgCB-Pccoo6kmcJ2899mSCkFcQoOVXYOXnpHwHCJ-fpN6NBbFEj-n7YH_6bqLgZpZDl5XgOZoB5kdQ,tagerian,tagerian,,516,Ornn,200,TOP,0,3,7,15,2.57,158,3.99,11686,295.35,19145,483.87,25,0,0.643,17,"[6665, 3047, 3075, 3742, 6660, 0, 3340]"
22,22mmrsZOQWXuMiAv_ZenZPQVJVgGXWMvZmd8S1tzTNrdtorMtCQ9-G5kfTk10zCjYZwIdBTuAZsNTQ,MeditatioMalorum,MeditatioMalorum,,141,Kayn,200,JUNGLE,0,3,12,6,0.75,165,4.17,11483,290.22,8627,218.04,48,10,0.321,15,"[6692, 6697, 3047, 2055, 6701, 0, 3364]"
22,lsSHkFIqM31VjBWbZFrib5Pypt73AjK5qrIxkj2Vb1Pj44orhfvkTenWSARMGaNKWttNFKUDKILbSQ,,Light,,268,Azir,200,MIDDLE,0,13,15,6,1.27,175,4.42,14580,368.49,40800,1031.17,29,3,0.679,16,"[6653, 0, 3020, 0, 4633, 3115, 3340]"
22,9DWXDKtGwBW1kpQAoGs74fNg-Wy-FjVNm2P9g40Xb5P3wzcAyKRUH4nx4q1tD7xIiN1fkhc8s8kqGw,wsj459,wsj459,,236,Lucian,200,BOTTOM,0,5,9,8,1.44,221,5.59,13669,345.47,23390,591.15,21,0,0.464,16,"[3508, 3031, 3009, 6675, 3035, 1018, 3340]"
22,WD6ZyrInHL8CLl6qbLbleYEOTvhfv859-LN6rS_rBcU6_a3-OFGsg-vwUwlNwMEdelJ1-Y22a-fqzg,Nautìlus,Nautìlus,,20,Nunu,200,UTILITY,0,4,10,12,1.6,78,1.97,11110,280.79,15230,384.92,60,3,0.571,15,"[3876, 3157, 3020, 6655, 3075, 0, 3364]"
23,heg3pvfXxgWbwJCZ8JjGHjgQy2rc0HkpWXOT1iRfpd4Ab04YExmZp-Wtb3hobn8mmSenPc27TOvLIg,,bigmoma70,,75,Nasus,100,TOP,1,4,8,14,2.25,137,4.13,10878,327.82,11313,340.92,14,0,0.409,16,"[3065, 3158, 3078, 3110, 0, 0, 3340]"
23,ueRRWn4YMCWyccayXOyxRuQpqGxlZiYNrqf6jMu_XfpDuKsYnN2_3bi-0s9azzcrdC_URZt8OX8g4A,H0MEWR3CKER,HOMEWRECKER,,234,Viego,100,JUNGLE,1,8,6,18,4.33,179,5.39,13231,398.72,24754,745.98,25,2,0.591,16,"[6672, 6610, 3047, 3153, 1028, 1028, 3364]"
23,wEGsijLPYs1SqeEBoiFiiMOip1rXq8fODUd9-vpnCnMCOfifGHZDaCp1QgBznJovTG7fsLmVr9wt8Q,ExtremeGeckos71,ExtremeGeckos71,,799,Ambessa,100,MIDDLE,1,22,2,15,18.5,212,6.39,18463,556.39,54452,1640.94,21,0,0.841,18,"[1037, 6699, 3111, 6692, 3071, 6333, 3340]"
23,V8uEz6soWxlbU6aD8u5--9l-pw0QYCkkOzGlJtDn9wBWj4jl1xgdWVXh0UR_GQUlPnTjArU-eL7j_g,Pullsse,Pulse,,51,Caitlyn,100,BOTTOM,1,6,10,15,2.1,137,4.13,11679,351.95,22156,667.68,8,0,0.477,15,"[3006, 3031, 6676, 3086, 3144, 1055, 3363]"
23,WD6ZyrInHL8CLl6qbLbleYEOTvhfv859-LN6rS_rBcU6_a3-OFGsg-vwUwlNwMEdelJ1-Y22a-fqzg,Nautìlus,Nautìlus,,223,TahmKench,100,UTILITY,1,4,6,9,2.17,44,1.33,9408,283.52,13178,397.13,61,5,0.295,15,"[3876, 2502, 1033, 3111, 3068, 3076, 3364]"
23,WJ7zcL15qtvGdz2qyFa-rNw7FeEifXL8OPVksip7rGRYlnV6uogOt0tkxf4pv_AzxxbA0m3VA4yr2Q,Purple Whizz,Purple Whiz,,106,Volibear,200,TOP,0,7,9,4,1.22,184,5.54,13622,410.51,35908,1082.11,20,1,0.344,16,"[2502, 6657, 3009, 3115, 3075, 1053, 3340]"
23,Gc_kxgo1Hg9FaClfPpjK-PPN7Mt2h3QJddqcnEgt3Gos3L5S6f0aONbN_p7Pu__OHTb2fT5aMZgZ7A,Harley2136,Harley2136,,19,Warwick,200,JUNGLE,0,9,9,11,2.22,164,4.94,12370,372.78,19781,596.11,14,1,0.625,15,"[3047, 3748, 3075, 3068, 3211, 2022, 3364]"
23,YWqGKHZRU7Q3iybbdF03_GtSB9MLna9AJBAmeQY8gijqR0nXvWxGhhNRV30uamBgYWIOUDjfUDcwoQ,Chilldori,Judd,,127,Lissandra,200,MIDDLE,0,3,6,7,1.67,200,6.03,11821,356.23,23878,719.58,39,1,0.312,15,"[3118, 1056, 3020, 4645, 3089, 0, 3340]"
23,YFnU87qtV4uqDrvHiSIF_pdxDSYbaeejNhB1yktoNziZl6N8csP5CLcC8OwObfC3UbqYoPrX5tayFw,hogra,hogra,,901,Smolder,200,BOTTOM,0,12,7,10,3.14,182,5.48,14562,438.83,38493,1160.01,9,0,0.688,15,"[1038, 3508, 3009, 3161, 3094, 3036, 3340]"
23,Yo062hHE67Plic_d6KOt8Tz_SooaTVhVIB3biDsCKILceYDqbwE2g4SdWRRy4oVdSGkWmcVhpBSQvw,SirSpatula,SirSpatula,,37,Sona,200,UTILITY,0,1,13,19,1.54,14,0.42,8238,248.26,15180,457.46,59,2,0.625,12,"[3871, 3158, 3040, 6617, 3108, 3114, 3364]"
24,P96cpQSjaa5Wm-QiATeDEI-SLEkhEu5nTauYnKL2Dhr3Srq8Vrieaac8kEVDwpkT8L39nKdki96UgQ,thiccboii1807,ThiccBoi,,887,Gwen,100,TOP,1,6,3,1,2.33,109,6.96,8110,517.66,8410,536.81,9,0,0.438,11,"[1056, 3916, 3047, 4633, 1042, 2022, 3340]"
24,YQ1FJAmev4QAyXA1zZBtmBL4WfdyyuEO7Af3srznwRlmZgCahKzsAETjk47AzdntXuuSFmXp09ReZA,RedDiomand007,RedDiomand007,,106,Volibear,100,JUNGLE,1,1,1,5,6.0,101,6.45,6042,385.66,2505,159.89,10,0,0.375,10,"[1102, 6657, 3158, 3086, 1042, 1042, 3340]"
24,HyhQesAhopiynA02SbxxM9zWWlPPOW-rQVzxLm4D0bgU4eLjW1awsY1p5k6wBWQBM8JowHEI4E_vRQ,Minecraft Beé,Minecraft Beé,,104,Graves,100,MIDDLE,1,7,2,3,5.0,128,8.17,8020,511.91,13598,867.96,4,1,0.625,11,"[1055, 3508, 0, 3111, 1053, 0, 3340]"
24,AupWG20H8_q6ILPyqEkyjz3a5Tb7GWr7pxAXz2ZdSBKHnRQQqA4m4heF7mCQr1KklEQwsGB1tIGI7w,rrrig756,rrrig756,,222,Jinx,100,BOTTOM,1,1,1,1,2.0,101,6.45,5117,326.62,8030,512.55,6,0,0.125,9,"[2003, 1037, 1055, 1038, 1018, 3006, 3340]"
24,QUFv4bhQP2LsYxsesGryARXNoxQt7kVM8hEifepvsfwQ76NVf_AOLSdkIM1P4kI7zPvEXSafdmKgPQ,Cracking5kulls,Cracking5kulls,,25,Morgana,100,UTILITY,1,1,1,3,4.0,12,0.77,4481,286.02,6377,407.04,26,1,0.25,8,"[3871, 2508, 3147, 1058, 1001, 0, 3364]"
24,0kc9nMHbUJLMsxJgxVNmQl2g7khMpcAFIv9PwUSyehg6euxtd0l6_-EULSjKGiTdZpmh2_ZQI3fykw,ThatBoiManny,ThatBoiManny,,19,Warwick,200,TOP,0,6,5,0,1.2,78,4.98,6437,410.87,8651,552.19,6,0,0.75,10,"[1055, 3153, 1001, 3044, 1042, 0, 3340]"
24,5aNmE1n-X8UlHaTFPeTtTebwrATYebTPyi0ph7AwwSQy1-13k5C79l38N1GEzWBhdQkhwQ-eTzmPWg,ducky1214,ducky1214,,77,Udyr,200,JUNGLE,0,0,4,0,0.0,76,4.85,4045,258.19,774,49.4,7,0,0,8,"[1102, 3077, 3009, 3147, 0, 0, 3340]"
24,SIqUn5O1DLk1u4iZ3dYI0ijZe1jECFmOZmLWeMJCaBN8sQMvC4iK50gK26BZiobDGeDjG4o2rs5Pmw,Red Star,Ahmi,,3,Galio,200,MIDDLE,0,2,3,1,1.0,93,5.94,4849,309.51,6871,438.57,7,0,0.375,10,"[3047, 2031, 3068, 2022, 0, 1056, 3340]"
24,y7BQtBEqatrWUmNB05mjdY_IX_nNPcJq1kUh02nhJ9eN5aXCEmY1UUumoogPGZCEBjJAh_yTrYlneQ,ObliviousHaxor,ObliviousHaxor,,895,Nilah,200,BOTTOM,0,0,2,2,1.0,99,6.32,4569,291.64,2798,178.6,9,1,0.25,9,"[1001, 6676, 0, 0, 0, 1055, 3340]"
24,WD6ZyrInHL8CLl6qbLbleYEOTvhfv859-LN6rS_rBcU6_a3-OFGsg-vwUwlNwMEdelJ1-Y22a-fqzg,Nautìlus,Nautìlus,,223,TahmKench,200,UTILITY,0,0,2,2,1.0,15,0.96,3484,222.38,3878,247.53,17,2,0.25,8,"[3877, 3066, 2031, 3111, 1028, 2055, 3364]"
25,VXrmX9JDEuPKGyqVzHJfMeN9a5O69MsYaX-I1pZDJHagKDNSnc66qCjK2QWfbhst-yC0G2FywaU3xQ,ad6m,ad6m,,154,Zac,100,TOP,0,6,5,9,3.0,188,5.5,11626,340.27,26237,767.91,12,0,0.556,16,"[1054, 3068, 3047, 2502, 3065, 1011, 3340]"
25,-eYClRvwBEfPG3ZdA1x14zT3m5HpW9ebNW7ldrtHbEBOZmen6nhcM3I-qs908cdMgq_eVF7UYEhPFA,noyum,nooyum,,102,Shyvana,100,JUNGLE,0,6,6,7,2.17,231,6.76,13846,405.25,18316,536.08,25,0,0.481,16,"[6653, 3161, 3020, 4633, 1058, 1058, 3364]"
25,J-2bG9ld8IVySDBCTEz762BZuoQmlvijH9wxm8VgN1UDIyMnm3hdZxaQSzY2FcMsgikyG9z4hMmeTg,,legoboy123456879,,50,Swain,100,MIDDLE,0,7,9,8,1.67,204,5.97,13149,384.85,45666,1336.57,15,0,0.556,16,"[3065, 2503, 3009, 4629, 0, 3157, 3340]"
25,5WY2qkdaQ8YVWH-hmrhdlu-3048H4GFoa_TTSU-_MSS05uD16363hrQ2kJgfyiMgEARi10L_djbaEA,t7shine,tkshine,,360,Samira,100,BOTTOM,0,2,9,7,1.0,165,4.83,10408,304.62,13406,392.37,17,0,0.333,14,"[1055, 6676, 3111, 3036, 1038, 1037, 3363]"
25,WD6ZyrInHL8CLl6qbLbleYEOTvhfv859-LN6rS_rBcU6_a3-OFGsg-vwUwlNwMEdelJ1-Y22a-fqzg,Nautìlus,Nautìlus,,143,Zyra,100,UTILITY,0,6,5,12,3.6,53,1.55,10708,313.4,43364,1269.19,66,3,0.667,14,"[3871, 6653, 3916, 4630, 3020, 3116, 3364]"
25,OLZgTMvD1JOUBJQFJSNCDfc9oljX84Ye9SNXsvhtCuhzqThixf6q5G9qmos-S6OPuaF9qun7k4GPRg,pee6969,GaRenGarEnGarEN,,36,DrMundo,200,TOP,1,2,5,6,1.6,222,6.5,12056,352.86,26885,786.88,16,0,0.235,17,"[1054, 3084, 3047, 3083, 3065, 1028, 3340]"
25,gxDJVpANtRKWVwwZzSGe_b2pqqJ3D8ulM5qRIyyilOEGdoVSTY6h4zRUX4J45p0xoI5Vvb5VEOxNbg,Bigcheems69,Maliketh,,233,Briar,200,JUNGLE,1,12,7,11,3.29,193,5.65,15547,455.03,48753,1426.92,22,0,0.676,17,"[3071, 3153, 3111, 3065, 6333, 0, 3363]"
25,TQWWRbmXxMl14WRnslAOCoy508a_s6PFZLxHA6tk5EdcyBZeNNYNxnDMRVlLfqK5_V86nSb-FWnUrA,bigboi0001,ki11erbean,,69,Cassiopeia,200,MIDDLE,1,7,7,7,2.0,158,4.62,12483,365.36,31097,910.16,19,0,0.412,17,"[6653, 3040, 6657, 3116, 0, 0, 3340]"
25,zQ0veY-yCJ3liaMMMP66UWYsn5szlBkgGNh5Grc3_L9QwihP_5ojb6gYX2HE9xEFSNh7ZYByQWwbgA,Lj00s7,Universal,,75,Nasus,200,BOTTOM,1,11,5,7,3.6,213,6.23,15466,452.66,30951,905.88,10,0,0.529,16,"[3076, 3158, 3078, 3110, 3065, 2504, 3340]"
25,T0jryxB2Nhi4b3CD5JZNLht79OtTP6oI7VQCBk3t6E9QAIZQ54uqm1gqtAgCjISL8nmjQaGEqra9_A,sukinyaa,suki,,350,Yuumi,200,UTILITY,1,2,3,22,8.0,8,0.23,10383,303.89,10030,293.56,45,2,0.706,15,"[3870, 2065, 6617, 1001, 3504, 3108, 3364]"
26,9PHLbcxMoffFPxbI1E4SOKyGEBqIIj8w5wp8teUR2ER5NCA685ojCa_EXXopPptF5wsz_k4QKGp-vw,,AgentSythic,,31,Chogath,100,TOP,1,4,1,4,8.0,114,4.79,7946,333.63,14632,614.36,4,0,0.4,15,"[1054, 3111, 3084, 1027, 3066, 1011, 3340]"
26,uOp8RONEiNQMTIOkxI6fhc7qMFh6--PMzHmz5LII1Os_Q4m2FXUE9eEHQ1OcpT_WE_yk0S6nkKd4ZQ,StraightUpLoser,Dolc,,91,Talon,100,JUNGLE,1,6,2,3,4.5,148,6.21,9151,384.23,12225,513.3,14,0,0.45,13,"[3071, 6692, 3158, 1029, 1029, 0, 3364]"
26,RXJfkJR8sGZBZGpr9ctYteib6H18xZ57bDjF6oVSLx1gnbkDVOqc7dNmAVJIieDsgNZIQVTZKsE7Hg,gaelium,PumpkinEater69,,103,Ahri,100,MIDDLE,1,5,1,2,7.0,188,7.89,10365,435.2,12038,505.44,12,0,0.35,14,"[1056, 3118, 3020, 4628, 1052, 0, 3340]"
26,6I7zAN6-bj7haI5SjO6byOFCZoM6o4HRBvbUxbYk-3Q3-QEEZ1rDZllkh5F-kukJLYU19yDvhqHiLQ,Jett75,Jett,,236,Lucian,100,BOTTOM,1,5,1,5,10.0,193,8.1,10202,428.36,12614,529.63,11,0,0.5,12,"[1055, 3031, 3006, 1042, 3508, 1042, 3340]"
26,I48gLbeqVC6kn9Kw89DFm1Th3jPboFUkze_7IwZHGnzkNCgT7FA8g2UZk4AoyzHQ0EbnGFFLAsIIMA,Phillup Mebum,Phillup Mebum,,267,Nami,100,UTILITY,1,0,1,10,10.0,18,0.76,6157,258.52,5410,227.15,45,2,0.5,11,"[3158, 3113, 3871, 3114, 4005, 0, 3364]"
26,JZjKPVvTN4yvYOuIyb7dZkCvG4V39HCZHqD-D4vCX6RHfNkKKj0RFu5C7jKr9AOKpf9ZBFwGAITfXw,T Crack Wihiig,T Crack Wihiig,,223,TahmKench,200,TOP,0,1,6,0,0.17,137,5.75,6639,278.75,10981,461.06,15,1,0.167,12,"[1054, 3068, 3067, 3111, 3076, 0, 3340]"
26,WRb2nidJnthnCoIxtCspt-AyYQp3FGne-jscfoEbCZXWZ95cmYhg1hbKkTxsICeT18EuqBaBIsJjWA,Suavie T,Suavie T,,19,Warwick,200,JUNGLE,0,4,3,0,1.33,162,6.8,9178,385.36,7800,327.5,5,0,0.667,13,"[6631, 3153, 3047, 1028, 0, 0, 3364]"
26,Sr3fVtiDyt6CK61B9swdouAUL32740eUgS_Edga8PYWTzIvXaZBaDUs3E9aLjVb1N4RXM1t59cJg0Q,Wammo80,Wammo80,,99,Lux,200,MIDDLE,0,1,5,2,0.6,176,7.39,7659,321.58,8920,374.53,18,2,0.5,13,"[1082, 2031, 6655, 1058, 3158, 3145, 3340]"
26,Dk_bOfdHazWcEI0UcFb67l0MESAU3kx33h7R6JpV7Ttx1vpRrG54LeeLWq3qW9fa-O9Klml9k9WHXQ,,Mobolo,,222,Jinx,200,BOTTOM,0,0,4,0,0.0,95,3.99,5448,228.75,6246,262.25,10,0,0,11,"[1055, 3006, 6672, 1042, 0, 0, 3340]"
26,WD6ZyrInHL8CLl6qbLbleYEOTvhfv859-LN6rS_rBcU6_a3-OFGsg-vwUwlNwMEdelJ1-Y22a-fqzg,Nautìlus,Nautìlus,,350,Yuumi,200,UTILITY,0,0,2,2,1.0,17,0.71,4940,207.42,6326,265.61,35,6,0.333,10,"[3876, 1004, 2055, 3114, 3070, 6617, 3364]"
27,3Zlrj72hJdAq1r2XA9URfsmJAHovBCZnhm9wKTwYGiThXd-r5noeqDdslYoCMFSLPvi8PXnisWmk2w,RinFro,RinFro,,122,Darius,100,TOP,0,2,8,0,0.25,103,5.05,6036,296.12,8967,439.92,11,1,0.182,11,"[3047, 3078, 1055, 1036, 1028, 0, 3340]"
27,xZXIQMl7SBqDTEwkDCX2JN3xevHME8Tnb5hFCZi8f7iiZxyj1YV4kppXRXNLERif4gO_J1kG7wEFvg,WoozyTurnip,WoozyTurnip,,33,Rammus,100,JUNGLE,0,5,4,1,1.5,97,4.76,7097,348.18,10988,539.07,14,0,0.545,10,"[1103, 3075, 3047, 3742, 0, 0, 3340]"
27,vU7NsktPHRpgsSsngKjrrQkKgaw790EX03YybJqPmSQAee45NaZkUBMX7Lme6caYKgzlIheF0diipg,Gchu,Falco Dair,,103,Ahri,100,MIDDLE,0,1,3,3,1.33,143,7.02,6972,342.04,9178,450.27,7,0,0.364,12,"[1056, 6655, 3020, 3145, 3113, 0, 3340]"
27,vvfi6NF--_W-EqvL1tResQnsVJ0qyanuBvyj02v80ntIl9a3TqZf8uRr0X5x0dni1j_uU_MyHXM-Og,Iced Caffè Latte,kidnapped,,37,Sona,100,UTILITY,0,2,7,4,0.86,17,0.83,5482,268.95,10569,518.51,38,0,0.545,8,"[3871, 2031, 3040, 3010, 1052, 1052, 3364]"
27,sC07uoLMWTVoK0ivabBVIdHZDj9gGb_V3rxQtz4TPwmSDkS-6tYn5bQa9UFEPncps18T1m-CrcOfxw,Corrupt3dBoi,Crypt3d,,51,Caitlyn,100,BOTTOM,0,1,9,2,0.33,78,3.83,4866,238.72,5651,277.24,17,4,0.273,9,"[1055, 2031, 1018, 3134, 3009, 1037, 3340]"
27,MpVb7GJI3mxN4N2LsO3l9xVBToyTuEpXFa1V6JAJxtNo2QyqDxEcPdrcobGeX_obz7cQokl4GJRnmQ,Simsuangco,Bokchoyboy,,62,MonkeyKing,200,TOP,1,7,2,5,6.0,121,5.94,8942,438.69,14596,716.08,12,1,0.387,13,"[1055, 3078, 6698, 3047, 0, 0, 3363]"
27,_yC8lVd7rzrvYGa_KmAY4LRLHD2FGOKVKjgJVwD52fNP6wUJaqkIHzaXac63cDouaQ4-hRXjkUCCow,Noxian Biceps,Noxian Biceps,,59,JarvanIV,200,JUNGLE,1,3,3,10,4.33,109,5.35,7357,360.93,7205,353.48,15,0,0.419,11,"[0, 3071, 3111, 1036, 1036, 0, 3340]"
27,n09V9Mt86jn0cVE0ADyqJLehZ76cyMd4R_R2q8IJct1DM_5M3oI21Tq1mNjB52gXYQMeM2An1QcuAg,Corman,JFskyrocket,,39,Irelia,200,MIDDLE,1,7,2,3,5.0,141,6.92,9195,451.1,13166,645.92,7,0,0.323,12,"[1054, 3153, 2031, 3111, 3133, 2021, 3340]"
27,jCHc2i__Ht9x8q-27CK_gSHBOY3o-gLPlhf4hQ1t17ZOt_Y6_LyCtt-uOppU2b6Lk_6rhZeYv1jfVQ,Rhaastakhan,Miku Riku,,145,Kaisa,200,BOTTOM,1,9,4,7,4.0,137,6.72,10070,494.03,13334,654.16,10,0,0.516,12,"[3087, 3124, 0, 1055, 1026, 3006, 3340]"
27,WD6ZyrInHL8CLl6qbLbleYEOTvhfv859-LN6rS_rBcU6_a3-OFGsg-vwUwlNwMEdelJ1-Y22a-fqzg,Nautìlus,Nautìlus,,111,Nautilus,200,UTILITY,1,5,0,15,20.0,34,1.67,7530,369.42,10710,525.43,41,5,0.645,10,"[3877, 3009, 4401, 2055, 3076, 3066, 3364]"
28,WD6ZyrInHL8CLl6qbLbleYEOTvhfv859-LN6rS_rBcU6_a3-OFGsg-vwUwlNwMEdelJ1-Y22a-fqzg,,Nautilus,,83,Yorick,100,TOP,1,7,4,2,2.25,247,7.72,15680,490.0,25127,785.22,15,0,0.243,17,"[3748, 3078, 3075, 3009, 6694, 3211, 3340]"
28,MOnO2YZoE1nLo9PpX62sutfZdoPGkYb41_g7ud0WArSsT4ZUoshfBqipmUj7iJ_9drZcgf9LcSh91w,,lrush2001,,141,Kayn,100,JUNGLE,1,7,6,14,3.5,152,4.75,12466,389.56,15967,498.97,17,0,0.568,16,"[3161, 6699, 3158, 6692, 3044, 2022, 3340]"
28,rAYgWjheqATze5SWdEZsvy3mY50w69aO6YDEUXmPeklYyUC6BiQe8REXpLLHzvIjhef9Etmnmp1K5g,,pleebrex,,61,Orianna,100,MIDDLE,1,9,1,13,22.0,227,7.09,14408,450.25,33490,1046.56,18,0,0.595,18,"[1056, 3040, 3089, 3020, 3137, 3145, 3340]"
28,IzowB0xglJU6VswW93Kc_a3-dFB_D959gyQC3-5suouZ7tf6TrrWBfsRCujxp5Mgzb170hs5o2RwTw,,Fedgewick,,222,Jinx,100,BOTTOM,1,10,2,11,10.5,220,6.88,14394,449.81,31523,985.09,13,0,0.568,16,"[1055, 3032, 3031, 3006, 3046, 1036, 3340]"
28,bIzqGnd1syzp88sHh4gap6F35QCccKd4VVO9T66MxJCGQtgiJ5AoIOLLxm4po3BgMccCERpyy99-nw,,peenar sploder,,412,Thresh,100,UTILITY,1,4,6,18,3.67,30,0.94,9548,298.38,10336,323.0,52,3,0.595,15,"[3107, 3190, 3109, 3876, 3009, 3067, 3364]"
28,dX40fAuVv9boLzovOpo8tjyo2l0N-9WXnrHTD6NRIMH6Je6JnGa6eEO8mDMPEyeXsE_76uyiztp9Sg,,Ecqlam,,233,Briar,200,TOP,0,7,12,3,0.83,195,6.09,13789,430.91,32741,1023.16,16,0,0.526,17,"[3748, 3153, 3174, 3071, 3123, 2019, 3340]"
28,v2yK1LKyZMnvLAksq2Y-XG0Y1lCjf8cXh2wJOqP8fZRAHk8aoXPfIw-YpJg02Skg6tmCRg5L248EMQ,,OffendedSteak,,78,Poppy,200,JUNGLE,0,4,5,3,1.4,182,5.69,10974,342.94,13362,417.56,25,0,0.368,14,"[3170, 6610, 3742, 3075, 1033, 0, 3364]"
28,wVK1bCdysciMJxIDet1dG0GPInxUvjOJh7N9-QRSpNO-5YU1rd__Fz3H8CkuT5154zOJwnOZtLK2dA,,chewey,,99,Lux,200,MIDDLE,0,0,7,5,0.71,195,6.09,9227,288.34,10963,342.59,8,0,0.263,16,"[1056, 6655, 3175, 4645, 3108, 2022, 3340]"
28,2rb06Uc1wWM9CIIJ6sA_tdo-RicwwpIcmvABbs3XF9C_WXu-lRCXa3YWUalNmDd86Gb6D6xve_N-9w,,Weeabooski,,360,Samira,200,BOTTOM,0,7,6,4,1.83,213,6.66,13568,424.0,27129,847.78,21,0,0.579,15,"[1055, 6676, 3047, 3031, 3033, 6670, 3363]"
28,nkDpVRyX4a3rYRlDnkeST1aeAgeyuRDEG8g6fxtzxffpcX7aZEWgxRcRNbwUrsqtFK8S2xwWq7hyow,,BarfBoy,,147,Seraphine,200,UTILITY,0,1,7,9,1.43,51,1.59,7636,238.62,10403,325.09,55,0,0.526,14,"[3870, 6620, 3040, 3171, 0, 0, 3364]"
29,Kk_wO9zlN19dJjR6Cv8a89-F8lO0jk5cQwQabk4ymIYqu4EpKNvB7AexmuhR7W9aaJ7GEUz18OucLQ,,Uthuluu,,14,Sion,100,TOP,0,2,4,5,1.75,169,5.43,10028,322.27,19243,618.41,17,0,0.233,16,"[1054, 3084, 3173, 3181, 2021, 1036, 3340]"
29,YLMgoy-p455fe2mTr1wAeA4P4BHhEtWdxFba3XmdywJ2on8nLfjub1CyRW8DWe0U_SA5K50jo8ngVQ,,Bungler6,,120,Hecarim,100,JUNGLE,0,3,9,8,1.22,218,7.01,11159,358.62,21923,704.54,10,0,0.367,15,"[2019, 1037, 3133, 3171, 6697, 3161, 3340]"
29,x95lxAwMhici7dBBIJEInR5P3Y3uYde7MuWUIz4si4qVEYwxgrmT_JciR_QXvYWsBRh2hBhK_9eODw,,UrgotAFriend,,131,Diana,100,MIDDLE,0,8,8,7,1.88,144,4.63,12533,402.77,37710,1211.89,26,0,0.5,15,"[1056, 4646, 4645, 3175, 3157, 0, 3340]"
29,5CcYOEJIe3rPd3Pc_osrrXqC2VrcusgmLKsFznT9b30ILcowJF3UT30bpqFEn7s5-9fPpoXzYz60_A,,Parky,,29,Twitch,100,BOTTOM,0,3,11,9,1.09,138,4.43,9699,311.7,14167,455.29,5,0,0.4,14,"[1055, 6676, 3172, 3085, 1018, 1038, 3340]"
29,tkAarHPnyKQZmtNPFfaKH5uu47KaK-WGpRmfuRlwVXRZPgXN6XdfK5CTvicxfDtoWAvvxlezwJclbQ,,Sigihaem,,80,Pantheon,100,UTILITY,0,14,9,2,1.78,59,1.9,13642,438.41,32751,1052.52,51,0,0.533,13,"[3877, 3047, 6610, 3814, 2501, 2021, 3364]"
29,YESMm3krIBLZCJvQkc-OgqY-zfj6wos3pfYfVIbFWo7InG_bhpWxq9CMIkjyV4bL7-0FgVbitaTjhw,,Underworld Jax,,27,Singed,200,TOP,1,7,2,10,8.5,223,7.17,13367,429.58,37332,1199.74,32,1,0.415,17,"[6653, 3116, 3009, 1056, 3742, 3147, 3340]"
29,nz9gBLz03ZpDVE-fqzw7JV_Wav_Wbhdtf8GdrYzew9c8jzFuqXq4uwcb-2AVt5ScK3oheUhPTXyN0A,,0mn1Sc13nc3,,200,Belveth,200,JUNGLE,1,11,8,10,2.62,146,4.69,13963,448.73,16417,527.6,27,2,0.512,16,"[6333, 6672, 3047, 1053, 2055, 6631, 3340]"
29,uFNKq0YJywhnf0gSfEFnDSC17cE4Sl_y3m3zPlqN7DZbOw98Vq7OjZFOnQYr_8_XMwygASTfDYvqzA,,THERAINBOWRAIDER,,133,Quinn,200,MIDDLE,1,4,7,12,2.29,102,3.28,10059,323.27,15620,501.98,12,0,0.39,15,"[3077, 3087, 6672, 3006, 1055, 2020, 3340]"
29,0TZzffuOdHgiV3k-TrGd2zsvV5nS8K5gtlhMO49QGPdZw9fDglWhETQ2ORCq97-INjjcWMxDJ9Ultg,,vettreau,,81,Ezreal,200,BOTTOM,1,13,9,15,3.11,154,4.95,13037,418.97,50257,1615.12,15,0,0.683,15,"[1037, 3042, 3078, 3158, 3156, 2021, 3363]"
29,WD6ZyrInHL8CLl6qbLbleYEOTvhfv859-LN6rS_rBcU6_a3-OFGsg-vwUwlNwMEdelJ1-Y22a-fqzg,,Nautilus,,412,Thresh,200,UTILITY,1,6,4,25,7.75,45,1.45,11355,364.92,23044,740.57,50,1,0.756,15,"[3877, 3742, 3084, 3047, 3075, 1033, 3364]"
30,WD6ZyrInHL8CLl6qbLbleYEOTvhfv859-LN6rS_rBcU6_a3-OFGsg-vwUwlNwMEdelJ1-Y22a-fqzg,,Nautilus,,83,Yorick,100,TOP,1,4,0,2,6.0,115,7.56,6397,420.39,8980,590.14,6,1,0.316,12,"[1056, 3076, 2055, 3078, 3047, 1028, 3340]"
30,UHic7trL-Ltm0nacnaqzIZBkEhRfz8EdTYsrzQAiAa__ssGe4xkCMV5ibwHZXt7A2O7-kw6GMMMfMA,,Unrealiistiic,,111,Nautilus,100,JUNGLE,1,4,0,6,10.0,92,6.05,5752,378.01,5817,382.28,11,0,0.526,9,"[3068, 1103, 3147, 3047, 0, 0, 3340]"
30,TGoTPKdwGZTt86SldKQhlOp9dC9eSTaDaW8BIH125ANj-6g8hvsU5AENAh4aykWBi0IkYs879rIpag,,sushi,,157,Yasuo,100,MIDDLE,1,0,3,0,0.0,96,6.31,4292,282.06,4688,308.08,5,1,0,10,"[1053, 2031, 1037, 3006, 1042, 1055, 3340]"
30,9oqkoHbrejb3MBUCLVzKTtAQLqKwYk33-HrVidhHLHJScQ2f4nEG34z_umIiO1BHN9kDc9PfyY99LA,,Brohamm,,145,Kaisa,100,BOTTOM,1,8,2,4,6.0,115,7.56,6978,458.58,8667,569.57,3,0,0.632,9,"[1055, 6672, 3006, 1052, 1037, 1043, 3340]"
30,qlO4UAX_npGcqOfY7Ap6QRMGVO7bt2xtWwQ-DFzp-kzjdY38dNGBeDjGxwGbjpvnwWChHCMHMwOyWA,,Chutekunn,,517,Sylas,100,UTILITY,1,3,0,10,13.0,17,1.12,5018,329.77,6652,437.15,19,1,0.684,9,"[3871, 3152, 3020, 1052, 1052, 0, 3364]"
30,JJ5s445DI94PWZcbly-po8R4Jf8R5Va0obXLvCRxJL1rTZ65F1u16WkYAhDLfIb3kh-auKf-0mI0kw,,Goomba,,164,Camille,200,TOP,0,0,5,0,0.0,75,4.93,3757,246.9,5204,341.99,0,0,0,10,"[1054, 3077, 3057, 1053, 2422, 0, 3340]"
30,hQ2EMuvKDRK8accwT5rfp6k_lsWsvsHGJFVXSFd1G80l_aug1hOezskP95DQ6ylxdMQYoEUxfk6DcA,,Dawnwalker,,62,MonkeyKing,200,JUNGLE,0,1,4,2,0.75,71,4.67,5207,342.19,3181,209.05,4,0,0.75,9,"[1102, 3078, 3047, 0, 0, 0, 3364]"
30,dxJdcT_gpMlTzYtrPSunBkmPRkY-Nvneo8kJhXz-H2X8z9Wrk-7vtinw8JuiyFRp9mro7lY4lPgmlQ,,Capt Ray Holt,,80,Pantheon,200,MIDDLE,0,3,0,0,3.0,111,7.29,5259,345.61,5732,376.69,3,0,0.75,11,"[3047, 2031, 3142, 1036, 2022, 0, 3340]"
30,_bg6MgVfXa8OJfaqQzYSCL--0e970vWq8hitdtXo8skNnHSrx0MJmUklhf-Tm0EZtgUjI8IEus0YFQ,,DadLeftLane,,50,Swain,200,BOTTOM,0,0,5,2,0.4,94,6.18,4312,283.37,5305,348.63,8,0,0.5,8,"[1056, 1082, 2503, 1001, 0, 0, 3340]"
30,qwVwTHVkUKrIt5AVr5hQAeKm1Bfuhpl6cpq9qPBK41kDnxADhTNYEVNtoRdQk6GdWJ4tiyVL3rv6Xw,,Azzo,,555,Pyke,200,UTILITY,0,0,5,2,0.4,27,1.77,3569,234.55,3257,214.04,15,1,0.5,8,"[3877, 3123, 2422, 3134, 6690, 0, 3364]"
31,4Sir01h5LDKHtK-zgeAMeRQTqwtj5XYT1SAS4uNaVJtkA7Q6JS63ZNPZupwrHgtxMJMmDHViCJtQUw,,Irl Femboy,,122,Darius,100,TOP,0,4,4,0,1.0,65,4.58,4703,331.59,10929,770.55,8,1,0.667,9,"[1055, 3057, 3051, 1036, 3009, 1028, 3340]"
31,fk7JoRMs7KNfIj4eZNcoAwGqU87lbKztCOrYAsx8HOlylYeT5gSo49xWmbBCnzAcMjtjNkR-i6prMw,,WOOPWEEP420,,875,Sett,100,JUNGLE,0,1,1,0,1.0,36,2.54,3209,226.25,769,54.22,3,0,0.167,5,"[1102, 1036, 1036, 0, 0, 0, 3340]"
31,7Lqg5-o2qVMpGWJ1WFXmU2UNJ0hd_aSC40rhUzKo9qOlb0S2ugvRHr2ZoiVuNF08DbjCqnjUOOZKfg,,00Effect00,,103,Ahri,100,MIDDLE,0,0,0,0,0.0,77,5.43,3634,256.22,4448,313.61,7,0,0,10,"[1056, 3020, 1027, 2508, 0, 0, 3340]"
31,hDhpe9l4_QY1OBPUjnnnHE5aqz4uplJJIqkIwJIbegxHbDVliadasLVTZywq7e0SSGXEuyMeZy363A,,meBonked,,523,Aphelios,100,BOTTOM,0,1,3,1,0.67,108,7.61,4999,352.46,4270,301.06,5,0,0.333,8,"[1055, 6676, 2031, 3006, 0, 0, 3340]"
31,WD6ZyrInHL8CLl6qbLbleYEOTvhfv859-LN6rS_rBcU6_a3-OFGsg-vwUwlNwMEdelJ1-Y22a-fqzg,,Nautilus,,14,Sion,100,UTILITY,0,0,2,2,1.0,41,2.89,3547,250.08,2548,179.65,20,1,0.333,8,"[3877, 3801, 3047, 1028, 0, 0, 3364]"
31,2sr8_xtcX7T8qs2OmPN29xfrIumle4_N2LMh80iOZKzhZpMpdKqGQ1DSKse1DqCE3gUEFL324yow_A,,SillySnake,,82,Mordekaiser,200,TOP,1,2,3,1,1.0,86,6.06,4878,343.92,6895,486.13,6,0,0.3,10,"[1054, 3047, 1028, 1052, 1026, 1052, 3340]"
31,ERFrw8aUybyBLvOBjTWw3-eaf0LyWAWNa90qY4iDsiNG_Msh-dUfMbmp-ucHmCEW27AxWbJ2XC3fWQ,,concrete eater,,234,Viego,200,JUNGLE,1,2,1,1,3.0,105,7.4,5183,365.43,2335,164.63,14,0,0.3,9,"[1102, 6672, 3047, 1036, 1036, 0, 3340]"
31,WyKT2tzpo3c9UeUjV-FAeIT1T1waBV4r5p_MtrZifrsKrsi6dmDqZ4Z61CDy78lxCT4Z7HoYCMm5WA,,Cory Trevor,,105,Fizz,200,MIDDLE,1,1,0,4,5.0,81,5.71,4579,322.84,5567,392.5,6,0,0.5,10,"[1082, 1026, 3158, 3113, 2022, 0, 3340]"
31,g0SYp49f77-sS8yGUKhXAx4JGvizjbLGuj5gOGZnySrqD66OdBP2qYfDXhtSAHUgZXBF9X4eYN7geQ,,PinoRitou,,202,Jhin,200,BOTTOM,1,4,1,1,5.0,104,7.33,5549,391.23,6251,440.73,6,0,0.5,8,"[1055, 6676, 3009, 0, 0, 0, 3340]"
31,nBVEsDzsMt-DdGrwOcFvuyb3OqJ4TLDwQuvxSXQhkE2Ku-I5VP-OZprUwWwiFbsmHquC4b9p_5JA2g,,HitsuYo,,143,Zyra,200,UTILITY,1,1,1,5,6.0,29,2.04,4077,287.45,6235,439.6,17,1,0.6,9,"[3871, 6653, 2003, 1001, 0, 0, 3364]"
32,jvi7xi6xUUirCQshkyr8M30q5zhPLOWUetR3rmm4MMiIZShQP8a8HZCUrVwZ3MA9EU-OtAHFxcuwHA,,Anton Sigurgh,,106,Volibear,100,TOP,1,0,0,0,0.0,1,0.51,556,285.13,83,42.56,0,0,0,1,"[1056, 2003, 0, 0, 0, 0, 3340]"
32,RQOJ_dbVv-OMPGAAnGAJU6YR2ydBj-NF5k9hF5n47TjLd_IkyfgMVoy0c0VFhPZUdYevzFL3RQjUYQ,,BOBshamigalaBOB,,234,Viego,100,JUNGLE,1,0,0,0,0.0,4,2.05,625,320.51,0,0.0,0,0,0,2,"[0, 0, 2003, 0, 0, 1103, 3340]"
32,AjJHHDe1XVGCdmxYBLvseoEv3fkWXarxCK0qjVIZszrGTl2AYSWiJbqaau8E21ExkfTdg3puRZY3Xg,,imasnake,,69,Cassiopeia,100,MIDDLE,1,0,0,0,0.0,3,1.54,584,299.49,0,0.0,0,0,0,1,"[3070, 2003, 0, 0, 0, 0, 3340]"
32,jEOHaHfIA2UJvSaRqVtFdg6B3dwe_TI8gA8HFhynxYJe-GSKf4cPdeUDxll6rxJ_v85UF1K1v2Uctw,,KaiokenOnTheTip,,804,Yunara,100,BOTTOM,1,0,0,0,0.0,2,1.03,577,295.9,59,30.26,0,0,0,1,"[1055, 2003, 0, 0, 0, 0, 3340]"
32,WD6ZyrInHL8CLl6qbLbleYEOTvhfv859-LN6rS_rBcU6_a3-OFGsg-vwUwlNwMEdelJ1-Y22a-fqzg,,Nautilus,,111,Nautilus,100,UTILITY,1,0,0,0,0.0,1,0.51,555,284.62,55,28.21,0,0,0,1,"[3865, 2003, 0, 0, 0, 0, 3340]"
32,BXt_ysPLE0zspIAvb9fShcitgZKtxAh7BS8Go4kzjWz_Y_aBUT0bnfaqsbSAtcMD8pw18sUBHL7xeA,,Atomickus,,516,Ornn,200,TOP,0,0,0,0,0.0,1,0.51,556,285.13,226,115.9,0,0,0,1,"[1054, 2003, 0, 0, 0, 0, 3340]"
32,xryN5-8eEHbA_VTum1k5f8wOevxUEWaCPlbErH80ZfAq70iB-AebmRae0Yefg7HPXEBOlAwo8DQ6KA,,Jonald Kun,,113,Sejuani,200,JUNGLE,0,0,0,0,0.0,0,0.0,535,274.36,0,0.0,0,0,0,1,"[1103, 0, 0, 0, 0, 0, 3340]"
32,DkxuOCl9yUY42DAkD2x7-sZHc2GBKO6oWpLZH4EWIX5yAsuTl5jyS9gFsycu6qV5S5PKGSVUj8LoQQ,,Kaze 404,,131,Diana,200,MIDDLE,0,0,0,0,0.0,0,0.0,535,274.36,0,0.0,0,0,0,1,"[0, 0, 0, 0, 0, 0, 0]"
32,hDhpe9l4_QY1OBPUjnnnHE5aqz4uplJJIqkIwJIbegxHbDVliadasLVTZywq7e0SSGXEuyMeZy363A,,meBonked,,523,Aphelios,200,BOTTOM,0,0,0,0,0.0,2,1.03,577,295.9,324,166.15,0,0,0,1,"[1055, 2003, 0, 0, 0, 0, 3340]"
32,Ng3OiW1ezPXNW_fxLy8F5GjJ1De2u8UZ3B8oZ0b8D1BdNWxINd7aQe-h5u2xg0rMnLfpi1KSG24PLA,,Deku,,14,Sion,200,UTILITY,0,0,0,0,0.0,2,1.03,569,291.79,327,167.69,0,0,0,1,"[3865, 2003, 0, 0, 0, 0, 3340]"
33,5rIX95Z-d2wtAV5virOgbbPfhjkwiXNbzmRrjo3XW5kDZ_wYy5wn4yxcNjKf7b6TfjELS5WWtE4owA,,Torch6rx,,420,Illaoi,100,TOP,0,1,7,1,0.29,127,4.56,7594,272.68,10191,365.92,4,0,0.143,14,"[1054, 6662, 3065, 1001, 1033, 0, 3340]"
33,zRJBSJd2ewJ4V-v89FRobvHV6weG86e8PSE4PX052hSC5XtxX3zaN3L7CSIpkgwe15XtTrqOqeHAGQ,,MINION3,,11,MasterYi,100,JUNGLE,0,6,12,2,0.67,110,3.95,9227,331.31,21098,757.56,6,0,0.571,13,"[3032, 3009, 1043, 3153, 1052, 0, 3340]"
33,WD6ZyrInHL8CLl6qbLbleYEOTvhfv859-LN6rS_rBcU6_a3-OFGsg-vwUwlNwMEdelJ1-Y22a-fqzg,,Nautilus,,90,Malzahar,100,MIDDLE,0,3,6,2,0.83,224,8.04,10742,385.71,21718,779.82,14,2,0.357,16,"[3135, 3020, 3116, 3916, 0, 6653, 3340]"
33,lmud0l9mSFCyxti1Js5TSn2vKAvkNv7_3tZjZuSZAk3Ao7NYhh5klRTPKHtM_MR_zf3HdcrzSWRVrA,,Blaarst,,498,Xayah,100,BOTTOM,0,3,7,2,0.71,135,4.85,7959,285.78,18019,647.0,8,0,0.357,13,"[1055, 3032, 6675, 3006, 1018, 1036, 3340]"
33,qx6rutHQH7idaiungim5xVom7LgLt9bbY4BrIisetULJQw6bqy5MDJMoa5DERm0kii7Ytc7hX0V1FA,,Zoomies Ready,,350,Yuumi,100,UTILITY,0,1,3,6,2.33,12,0.43,6296,226.07,10295,369.66,10,0,0.5,13,"[3870, 6617, 3222, 3114, 0, 0, 3364]"
33,sH1yGJwhsGknh7n2yKfcansohRwNJCI_mEimKSdNnBrU4LtD9udti4-cNKFb_Qf7MMswTokjQAbyBQ,,kevo94,,82,Mordekaiser,200,TOP,1,7,1,2,9.0,126,4.52,11019,395.66,19283,692.39,9,0,0.257,16,"[1042, 2021, 3116, 3047, 6653, 3044, 3340]"
33,sIr9Bi18mWc6oWk7aqKSIu3FM8GABeT_wBD-sL5-GAnM-uoXe3q9BlBPOy6eHahmpU-wt94CrtKtyg,,Frosty,,203,Kindred,200,JUNGLE,1,10,0,6,16.0,232,8.33,14485,520.11,18778,674.25,19,0,0.457,18,"[6676, 6672, 3006, 3031, 3035, 0, 3340]"
33,JbJLZh4Yb2TVC-NAZzhVtucRGS7STbSvrUoJZ1XAPopBSUIclY39IjDfgv7T0Qj6N-BdkV0B0FfWiQ,,알수없는 닉네임입니다,,110,Varus,200,MIDDLE,1,9,7,5,2.0,184,6.61,13592,488.04,23329,837.67,21,0,0.4,17,"[3115, 4646, 2420, 3089, 0, 3175, 3340]"
33,RiyjgZD2mpVUqR2reaay2ePtp_yloMLMBr0obrUoCEgM94aQe-H7Jv9H-7tGGFndXKWuwxFNAMYDlw,,Vantage,,51,Caitlyn,200,BOTTOM,1,4,4,7,2.75,179,6.43,10952,393.25,18390,660.32,15,0,0.314,15,"[1055, 3006, 3032, 3031, 3086, 3144, 3340]"
33,IdABN_V40lyyGlwKa5Dkg62kqnMC2tmMeBzIXTd8x9oXQp-SI1X8fdNahnQOOAzBWjAyaEQotmmEgA,,Ximorta,,901,Smolder,200,UTILITY,1,5,2,9,7.0,86,3.09,10318,370.48,12854,461.54,67,4,0.4,15,"[3161, 3877, 3094, 1053, 0, 3171, 3364]"
34,tLDYORSwj7O9YqDErgNwaS_S4v0DVuyjBJqX-2Su8PD2fCYDvkPL2JGQYMNiMnx69ZHDrxoNa45hkg,,ibuttermybõõb,,98,Shen,100,TOP,1,2,3,5,2.33,75,3.03,6734,271.71,9748,393.33,14,0,0.368,14,"[3077, 3076, 3047, 3084, 0, 1054, 3340]"
34,n8ZXsR_Dl6wzNdy05EsJ8yrkg5hZbufFfR6fdLYtyTgUq2Ah2bq2R4MOxZRRiqsE0Nqq9AHDed23zg,,JhinMain,,56,Nocturne,100,JUNGLE,1,10,3,4,4.67,201,8.11,11877,479.23,21515,868.12,19,1,0.737,15,"[3111, 6631, 2019, 6696, 1036, 1036, 3364]"
34,WD6ZyrInHL8CLl6qbLbleYEOTvhfv859-LN6rS_rBcU6_a3-OFGsg-vwUwlNwMEdelJ1-Y22a-fqzg,,Nautilus,,83,Yorick,100,MIDDLE,1,4,0,2,6.0,214,8.63,11653,470.2,16474,664.72,12,2,0.316,15,"[1054, 3161, 3078, 3133, 0, 3111, 3340]"
34,ruviYdijCwL-FMnp8jNcN8hM3L-kyRxtsXlrsHNESJERk09sgyhL_BhcFlWAsNbRRQfDA6KTdRoQ_A,,aDistraction,,15,Sivir,100,BOTTOM,1,1,2,6,3.5,142,5.73,7952,320.86,8963,361.65,11,2,0.368,13,"[1083, 3032, 3006, 1018, 1038, 2055, 3363]"
34,RbE4mmL8_VHFs8YgiwMhMiNDltLzYFJ6Iu49JwGsskxLVFD1GIPOBotnnZj74QsEHNF6K17x9tjmaQ,,BingoBongos,,888,Renata,100,UTILITY,1,2,1,4,6.0,34,1.37,6292,253.88,4336,174.96,52,2,0.316,11,"[3869, 3190, 3171, 3067, 3114, 0, 3364]"
34,1eKQqwwo7VXGYPH1o4V99vFJvRw1xCgNtv5AowRIPcu2bdz15eiFPkS8KqN2Rz8wcXwxcGQnoaKJGg,,MrEcloth,,420,Illaoi,200,TOP,0,5,6,0,0.83,179,7.22,10184,410.92,22426,904.88,10,0,0.625,15,"[3042, 3053, 2019, 3009, 1037, 0, 3340]"
34,78p1YyJ4pv-W5Dvfx_axesmo9LbC-qBisR8QAWYPumHX9G1ysIlg4XE5G_LlVrzNHFS2NCNyM6qtbQ,,NG Zer0,,254,Vi,200,JUNGLE,0,0,6,1,0.17,148,5.97,7161,288.94,7726,311.74,17,2,0.125,12,"[3133, 3078, 2021, 1028, 0, 0, 3340]"
34,Ba0CYjcVHuU7XtcYYAhZRa_Z07SY7w-42X_oVgu4tN1MSqmTMNuI_JWokXSRUYI2YAL8oHHCj01kGA,,Leaping Lizzy,,63,Brand,200,MIDDLE,0,0,3,2,0.67,163,6.58,6882,277.69,15949,643.54,11,0,0.25,14,"[1056, 3020, 2503, 1082, 2508, 1052, 3340]"
34,kXTNE0XAnydMXPQyeFOwgnPq8aFiHSKjLF5nkdT_UqCShY_la9ooy4bp8Z20Yk-X95a0B5cfw_lWXQ,,King Arthro,,235,Senna,200,BOTTOM,0,2,3,0,0.67,145,5.85,7578,305.77,6161,248.59,5,0,0.25,11,"[3032, 1018, 3006, 1037, 1038, 0, 3340]"
34,3Y_T0tQUt_DUGfFGCgrQW39ZKQFxzWkFBSYI1CyQrhMm-56CkY7BDF1PM3V4ph7y_NJ0QFBIjpYzRw,,sugarpill,,267,Nami,200,UTILITY,0,1,1,2,3.0,20,0.81,5319,214.62,2808,113.3,26,3,0.375,11,"[3876, 4005, 4642, 3158, 2055, 1028, 3364]"
35,V-LGu-2GMnz5j_PzsJ5zmNhyR3wN_VqiSlC-Qxk-AwX1igqEs8wFsDOKDyU_rw0Ekb17Kwx96Gg1XA,,TickleMeAndre,,23,Tryndamere,100,TOP,0,13,7,4,2.43,302,7.8,20244,522.88,76648,1979.72,24,0,0.654,18,"[3074, 3153, 3046, 6672, 3031, 3006, 3340]"
35,2B0-c8SVyJDRy_LmdDlyMBPI2ibOmHzqFib50jADoajE1woR6f-ZrshG3Jyx59mvAVAcQUhCxfNysQ,,notalegend,,106,Volibear,100,JUNGLE,0,2,8,6,1.0,127,3.28,10984,283.7,18412,475.56,21,0,0.308,16,"[6675, 4629, 3076, 3009, 3065, 0, 3340]"
35,WD6ZyrInHL8CLl6qbLbleYEOTvhfv859-LN6rS_rBcU6_a3-OFGsg-vwUwlNwMEdelJ1-Y22a-fqzg,,Nautilus,,83,Yorick,100,MIDDLE,0,2,5,2,0.8,326,8.42,17091,441.44,47682,1231.56,12,0,0.154,18,"[3074, 3078, 3009, 3123, 6694, 3161, 3340]"
35,9OUyi11qy6tkPxVftrmtjvgaVstwkWl3qm9mOrOGeJef0auigM8NjFv9ADTyotisMsnR-IJ1SH2mww,,Poolz,,222,Jinx,100,BOTTOM,0,4,12,6,0.83,128,3.31,10663,275.41,23067,595.79,13,0,0.385,15,"[1055, 6672, 3006, 3085, 3036, 0, 3340]"
35,5X76GQenaO-ThIOKbv9CWqHYsnZVYerWZNxszypP6ec1p2aJp71urs_BG5cJJtQlnL8ZpA-hEh5Ovg,,RN Bryan,,12,Alistar,100,UTILITY,0,5,10,11,1.6,21,0.54,10857,280.42,18203,470.16,51,3,0.615,15,"[3869, 3190, 6665, 3075, 3047, 1033, 3364]"
35,T572c0MOJJirDW3niTJvNiofRCsg0Eg8BHOrX_N7x2E53rRpBFJ7f-on_x6CDQLJLBpYksD2Z4XugA,,PykeIsMyHusband,,19,Warwick,200,TOP,1,13,4,13,6.5,277,7.15,19161,494.9,44240,1142.66,22,2,0.619,18,"[3748, 3153, 3172, 3065, 6610, 3075, 3340]"
35,su42IL-YS_rtDoghVuQy87Ng3QTXi79c_8jA_Em0ooeoQ5YYkZK_cxCQG8MwABoxxYz47x2Kx930vQ,,PanExpressDieOld,,517,Sylas,200,JUNGLE,1,12,6,12,4.0,265,6.84,17068,440.84,49609,1281.33,24,0,0.571,18,"[3175, 3152, 3157, 3145, 3089, 4646, 3340]"
35,1WmIKsCazNIDl5xSVvteTKxAgne8O2C6wf6LJh_IKAER58UKOoPAMHoGchGM5y7c_FJUZN2H1V5vag,,Milohangingballs,,36,DrMundo,200,MIDDLE,1,3,3,10,4.33,296,7.65,16492,425.97,36230,935.77,20,1,0.31,18,"[3748, 3083, 3170, 3084, 3075, 1033, 3340]"
35,LU7zqXc2fYMh8oOX9qdTUn6fPAR1Kkfa38SApMk-a21ie1VRuwD7W2bGR5qXlVF2vqo_P3ExaMshpA,,Asathegod,,21,MissFortune,200,BOTTOM,1,12,7,10,3.14,244,6.3,16682,430.87,39247,1013.7,27,0,0.524,18,"[3072, 3085, 6676, 3170, 3031, 1036, 3340]"
35,fzHfs-rwhQ-FWz7_se_BBFB4dTTpZsdwATTyhqnOOKYeaVnRjcHTM_HFW7dODSLpM2fgekxRzV1cCw,,saulypauly,,412,Thresh,200,UTILITY,1,2,6,23,4.17,37,0.96,11079,286.16,22588,583.42,61,1,0.595,17,"[3869, 3190, 3109, 3176, 1011, 3110, 3364]"
36,ccnZD7K05n6b2iupYEErOyYlPz4PJ7ThTLqwGMvLIG_-gN-rHqmYk6GOvLJ3BulWvdaJN8ozizKbvw,,SoeWithaNumber,,24,Jax,100,TOP,0,3,9,3,0.67,128,3.7,9344,270.32,9248,267.54,26,4,0.4,14,"[2003, 3078, 6610, 3047, 0, 0, 3340]"
36,C7Ju10Cyit-yybVd3lmda20qLIV2pVQcnDEJBHvocJYwxAQdnaIjb6wxgoqU9aJvg5o5zvboyMbbCg,,Ducky,,234,Viego,100,JUNGLE,0,4,10,5,0.9,200,5.79,12359,357.54,14855,429.75,32,0,0.6,15,"[0, 0, 0, 0, 0, 0, 3364]"
36,WD6ZyrInHL8CLl6qbLbleYEOTvhfv859-LN6rS_rBcU6_a3-OFGsg-vwUwlNwMEdelJ1-Y22a-fqzg,,Nautilus,,83,Yorick,100,MIDDLE,0,5,6,3,1.33,243,7.03,13909,402.38,28566,826.4,22,1,0.533,17,"[6694, 3078, 3047, 6610, 3211, 1028, 3340]"
36,7V20wl2-H977LWluN3cAciB2tTqqL3c1noTLxRYTxcv-ytpmbejn3g-d172gE2rrhardAvgdBKrKrw,,Fuegosdumb,,910,Hwei,100,BOTTOM,0,2,4,4,1.5,235,6.8,11399,329.77,23096,668.16,13,0,0.4,16,"[1056, 2503, 3040, 3041, 3020, 1058, 3340]"
36,hPHKKoz_6OoHMBDV4R4zZshEHmw5YEicyUXYYAS2_Hqn7lgNV-F9bq5qdI-TB5HWJf_aKBNO74aBNw,,Davedazombe321,,432,Bard,100,UTILITY,0,1,6,5,1.0,68,1.97,8554,247.46,7882,228.02,69,1,0.4,14,"[3877, 3107, 3742, 2508, 1052, 3013, 3364]"
36,r6W5CUaG593Etn-_Itt05F-b7vaI3GzwSAyByAWmw-bB22A7ti2Y78fHjynmInwGEOyqSkAZdPP68w,,idkimnotcreative,,420,Illaoi,200,TOP,1,8,4,10,4.5,201,5.81,14812,428.51,32821,949.5,21,0,0.514,18,"[3071, 6662, 3174, 3053, 1028, 1029, 3340]"
36,Xh5qFG8SGJgIvO1xYYL_RF_-U3d9NhmiBC-FME8dpt0Pxc0HgQREi5-awODo-MHpjcxkXSC5FggY_Q,,casuual,,154,Zac,200,JUNGLE,1,7,4,9,4.0,228,6.6,14069,407.01,19086,552.15,16,0,0.457,17,"[2502, 3171, 6653, 3084, 3083, 0, 3340]"
36,n2jgBrJ62rx4rulbol4VjU95l4hLz-LvL8MUSKdyWwBModgzG41n3yoKYNwHTo4D_7roDHnpf0Ty5A,,OsuxOsu,,18,Tristana,200,MIDDLE,1,2,5,10,2.4,161,4.66,11461,331.56,16132,466.69,17,0,0.343,16,"[3036, 6676, 3172, 3031, 0, 0, 3340]"
36,UQJqybkhSdN6OJM-hdyvDBY8-s5quzWMyrVoC2OtxZLVG5a4SvtQwu527c7hhzAn38KeoSgp-s3TrQ,,MilioBobbyBrown,,63,Brand,200,BOTTOM,1,8,1,10,18.0,197,5.7,13536,391.59,29840,863.26,21,1,0.514,17,"[1058, 6653, 3175, 3041, 3116, 1058, 3363]"
36,4AcsI6PwbzA-cSKh-iqSwNVaIlT6alUrO-WyFvdSMuXEsvStkwfYWXV7p0HNdPCvMPDutxz-pTnEPg,,Columbina,,99,Lux,200,UTILITY,1,10,1,11,21.0,51,1.48,12342,357.05,28062,811.82,79,2,0.6,16,"[3871, 3175, 3089, 3041, 3118, 3802, 3364]"
37,BOPuS8DBMSlU-MCtYZCsQShcS2NO97Ml-lqbI5dau1zacKPa9tPnSFfgWSqR9dqYQt0JwAqad1C4qQ,,MTL Dumbledore,,41,Gangplank,100,TOP,0,2,4,1,0.75,175,7.2,10041,412.93,15572,640.38,19,2,0.333,14,"[1054, 3078, 3142, 3009, 1018, 1036, 3340]"
37,ADUi0GGiFeOUZPmBWhVlz9QiU3GT1vJvEnqflrFOeSpoR4C0q63GPC7kpdk7NAzUJ-s0ZWkqjS_hfA,,Chipps,,33,Rammus,100,JUNGLE,0,3,6,4,1.17,136,5.59,8644,355.48,14603,600.53,20,2,0.778,13,"[2502, 3047, 3075, 6660, 0, 0, 3340]"
37,F1YQXN0rl-tZhRRliG7LIXArkxZohvyTsdGBh1l6tAzD-ATW53_Ob4gRz1XlZJ-3nZY32ilF5-TO2w,,FlowerBoybby,,99,Lux,100,MIDDLE,0,2,2,0,1.0,118,4.85,6894,283.51,8447,347.37,5,0,0.222,13,"[1056, 6655, 3020, 3802, 1026, 0, 3340]"
37,F6z24fnfGR6qhSgZpoVktwexxlVgfsXSSPcZoxK9yFHVhL03E2x5uKNJ2v5Uj1P5ixo3_5d2pfMVOg,,Benjimanly,,235,Senna,100,BOTTOM,0,0,3,3,1.0,151,6.21,7165,294.65,7119,292.76,23,0,0.333,11,"[1055, 3087, 3009, 3044, 1028, 1037, 3340]"
37,yOpGOVx4M1EnpX_9b3cP3r47pFaUHEtQpwrJept6bfz7X3Dp2xHc3beFi9zfGbYhHeosBI85gSL3qg,,Domestic Gamer,,147,Seraphine,100,UTILITY,0,2,0,2,4.0,52,2.14,7064,290.5,14696,604.36,63,5,0.444,11,"[3871, 2503, 3020, 3070, 3802, 2055, 3364]"
37,LRgWi7nqjHe8QYizKzbbUBc1kRFc8bi9fT9ye4RPmkwlPlQCHpF-qvfoB5jZGq9qEpIJnYB_ELvh1g,,RubyG59,,266,Aatrox,200,TOP,1,2,2,3,2.5,131,5.39,7698,316.57,7449,306.33,9,0,0.333,13,"[1054, 6692, 3111, 2021, 1036, 1029, 3340]"
37,CTPvtZiPH3EJ1BRkOikfzNOdo_Kj7B7ZPqHxcmGBFBx5rfpKX_1wV7WSiPcYihU6jeew6Kyk1GnC9A,,JShnasty,,5,XinZhao,200,JUNGLE,1,7,2,4,5.5,142,5.84,9626,395.86,9069,372.95,13,0,0.733,13,"[3071, 6610, 3111, 1033, 1036, 0, 3340]"
37,CIO7FFdZRoUcQvDDTZFcndRbfVlB1Fr4aP3WKdZRXtPd6vZgE1raZ5bCr3aqEH6w16qs2iA6FQrigw,,Divine Beast,,50,Swain,200,MIDDLE,1,4,1,8,12.0,120,4.93,7983,328.29,16824,691.87,5,1,0.8,14,"[6653, 3802, 3070, 3111, 1056, 1026, 3363]"
37,WD6ZyrInHL8CLl6qbLbleYEOTvhfv859-LN6rS_rBcU6_a3-OFGsg-vwUwlNwMEdelJ1-Y22a-fqzg,,Nautilus,,157,Yasuo,200,BOTTOM,1,1,2,4,2.5,169,6.95,8545,351.41,4243,174.49,14,1,0.333,13,"[1054, 3111, 3033, 3153, 0, 0, 3364]"
37,gFUBPH5cVM66wXnf2Az1v3G_88E3Ts3WyxRALFY68zh6HLIheRN0-n3lKlj74KVSRjD1a41Juw7Lkw,,Derastia,,131,Diana,200,UTILITY,1,1,3,6,2.33,33,1.36,6588,270.93,10516,432.46,51,4,0.467,10,"[3869, 4646, 3175, 1052, 1052, 0, 3364]"
38,EN7e_q_43qMoHkdFZtDoLYgXNN1srbAgm98R9AiLUsV206dPGhsemr7JR2ESYP8WqWiXBGB3F5YtPA,,xesar16,,75,Nasus,100,TOP,1,12,5,15,5.4,184,4.9,14941,397.54,31122,828.08,23,0,0.415,18,"[3078, 3065, 3110, 6610, 3171, 1031, 3340]"
38,Izzvz4iwVIWl_EBtD70mEBjas2YeUPXN8CbwC_Wa1cP9ok6sNdkxE2eoFhaJgLaxmMDDDSfHa-UjwA,,Sushi2559,,113,Sejuani,100,JUNGLE,1,13,6,22,5.83,264,7.02,18578,494.31,29408,782.47,18,0,0.538,18,"[3084, 2502, 3075, 3068, 6665, 3174, 3364]"
38,OwyzQsnlvbFdzLgUH3kZQ3AvmFY-DDQZZ3GilOFyS2hLu3bueCLv4TO0c2zOty_QFEKvLRlSPHLUgA,,reahibye,,55,Katarina,100,MIDDLE,1,15,11,13,2.55,170,4.52,17086,454.62,36058,959.41,10,0,0.431,18,"[3157, 3175, 3100, 4645, 3089, 4630, 3340]"
38,oZx2iL2NHThNjRAzdNptYuRtrxMrD_NHo4rR83NezHeqh4MLtWZaIUTjlHEMSXgdKmd_NXp5q2RK8Q,,i can save her,,18,Tristana,100,BOTTOM,1,17,10,7,2.4,224,5.96,18513,492.59,45310,1205.59,9,1,0.369,18,"[3086, 6676, 3172, 3031, 3036, 3156, 3363]"
38,nUxcoSqugttVARjtY3kKf_ZhqFk1_La5nZ7UjAoXugfzLud05ubcHXV3p80FeWdC3DACVaZuFbp0pg,,PerpetualVoid,,17,Teemo,100,UTILITY,1,8,14,22,2.14,38,1.01,12907,343.42,32603,867.49,15,0,0.462,18,"[3871, 4645, 3118, 3175, 6653, 3916, 3364]"
38,WD6ZyrInHL8CLl6qbLbleYEOTvhfv859-LN6rS_rBcU6_a3-OFGsg-vwUwlNwMEdelJ1-Y22a-fqzg,,Nautilus,,90,Malzahar,200,TOP,0,10,5,4,2.8,309,8.22,20136,535.77,47870,1273.7,16,1,0.304,18,"[3089, 3165, 3020, 6653, 3135, 3116, 3364]"
38,mWnKVjhUdFkgp8-zl3vMHc2ZKfdTCpja7N9TPd0X_SrmESaJ8Th8Pao05RpDX03LGVMtj-jJfOSCOQ,,LastTrop,,19,Warwick,200,JUNGLE,0,6,18,10,0.89,147,3.91,12879,342.68,21938,583.72,7,0,0.348,17,"[6631, 3047, 3153, 3033, 3211, 0, 3340]"
38,UDYjSnmflxvoXApfKqh9Gle0aXKX1-CaFjY2QIu-_WaOIU13DctiyUjYGE4T9zuJ7phr8P5R7_Fp-A,,FirstTrop,,157,Yasuo,200,MIDDLE,0,3,19,8,0.58,108,2.87,9391,249.87,16069,427.56,3,0,0.239,16,"[3006, 6672, 3031, 3035, 0, 0, 3340]"
38,LliSV-TCKQdfpbSQCaDc1X29GxtZ-e7T2CuOCsHKet9lBqDStyBlOsK-PRTePIl3R1anSSWCZvsUFg,,Helios,,804,Yunara,200,BOTTOM,0,18,12,12,2.5,227,6.04,18458,491.12,48321,1285.7,15,1,0.652,17,"[3036, 6672, 3031, 3085, 3072, 3006, 3340]"
38,G-OPTtaxTpRFkVf56q0ucXq6NvW-4G6wOuagUjJMm2d40MFHPzEBhRQbMyqtAcjdWZTWl6tAV6OcAA,,DrDreidel,,518,Neeko,200,UTILITY,0,9,12,22,2.58,69,1.84,13821,367.74,49732,1323.25,61,2,0.674,16,"[3871, 3152, 3157, 3158, 4646, 1058, 3364]"
39,OddreVGJm6w-74yLLbm9J0jaHvJc9TqT98cfpa5M7T3DTrr_DQPj3GP_VYOBClUbBhWUWq21QfovJA,,DaKwanz,,54,Malphite,100,TOP,1,4,5,6,2.0,166,4.64,11942,333.89,28658,801.25,22,0,0.455,16,"[3068, 3075, 3110, 1029, 3067, 3047, 3340]"
39,r34nUeoMNuntf2zF176eta8TOe8_sh2OEQu3jZCioeFCb1LgJGDds-yVz7qQe5L_2pfaeKh-h99tEA,,BootyFelon,,246,Qiyana,100,JUNGLE,1,2,5,7,1.8,216,6.04,11880,332.15,26967,753.97,22,0,0.409,17,"[1029, 6610, 6692, 1029, 6694, 3158, 3340]"
39,WD6ZyrInHL8CLl6qbLbleYEOTvhfv859-LN6rS_rBcU6_a3-OFGsg-vwUwlNwMEdelJ1-Y22a-fqzg,,Nautilus,,83,Yorick,100,MIDDLE,1,2,9,1,0.33,256,7.16,14503,405.49,40591,1134.88,13,1,0.136,17,"[3074, 3078, 3009, 6694, 0, 3742, 3340]"
39,ercg8On5-6cPkhFWMUcWUBTX9HFboPpK1Dup_ge-QpZKjU58mpAI4IIvm1RsHUT6UmyeJycRRFy5eQ,,ZeKwana,,96,KogMaw,100,BOTTOM,1,9,8,4,1.62,168,4.7,14091,393.97,46644,1304.12,18,0,0.591,15,"[3051, 3153, 3124, 3006, 3085, 6690, 3340]"
39,lvvj774wSkrh2KYUvZSUE_qumSyYVTylP2C-4NZ-Jxlyg9q5-JxVMdhn3ERYW3tyyGBnkvTHkkEyNw,,The Kilburn King,,117,Lulu,100,UTILITY,1,5,7,10,2.14,24,0.67,10787,301.59,16803,469.79,41,2,0.682,15,"[1026, 3158, 3107, 6616, 3504, 3870, 3364]"
39,1D9AOuUtI56n6HkTX7B6BF96frrVpULVBSdULvnrywXUnxytt_mMDiIzIh5uUFw1MOcwquiNZILmtA,,LastBee,,59,JarvanIV,200,TOP,0,10,4,14,6.0,215,6.01,14352,401.27,35260,985.83,18,0,0.706,18,"[3084, 3071, 3111, 6610, 3078, 0, 3340]"
39,CoNpxJSWYv3ajGLK6lq-i-Ca0K5DDLArZfqrcrSl7QzD0jkvGHhy7d3BJWujWUhaGaVwNE3r9n6-gw,,GMCTUFF06,,33,Rammus,200,JUNGLE,0,7,2,14,10.5,197,5.51,13271,371.04,23068,644.96,18,0,0.618,17,"[3143, 3742, 3075, 3068, 3174, 0, 3340]"
39,LwProplAJkf1_tCdz2qIp6tz_jzEoHMMXfagsm_q0Qayd6iHU3oC_QJEHT5O2a6PnrIG4ywbR8zlIA,,DillyO1,,3,Galio,200,MIDDLE,0,5,2,15,10.0,114,3.19,10613,296.73,22480,628.52,18,0,0.588,16,"[3075, 3084, 3174, 3083, 0, 0, 3340]"
39,D1sC1maOehtJZev4MVslTq9eo4nvLwz9-QOOMifnB7k_bH_dqoqYVP6W_FOJ5ws8TLKlvqiOutW_kQ,,myownmysticrealm,,222,Jinx,200,BOTTOM,0,9,7,12,3.0,190,5.31,13737,384.07,26989,754.59,25,0,0.618,16,"[3085, 6672, 3172, 3032, 3046, 1036, 3340]"
39,3Fgd77S6DOINMdhpSrNAK3gAzF0bRRR5GxPMouzGOVI402wIy9XO8w50KatUFm5VvpQz5eQjEYXouQ,,KeuKautSeu007,,201,Braum,200,UTILITY,0,3,7,20,3.29,80,2.24,11304,316.05,20500,573.16,69,1,0.676,15,"[3869, 3190, 3211, 3075, 3068, 3009, 3364]"
40,Fm0cwEbLv_rRYpN2pUqTeV3xOMOifP_GdK24xw22N5VCFJ25UNBJgX_lZc8R-ZbyCKIdeHwWWO9ZRg,,MelockNova,,86,Garen,100,TOP,0,0,8,5,0.62,190,5.49,9760,281.95,7692,222.21,16,0,0.172,17,"[3071, 6631, 3047, 1037, 1028, 1028, 3340]"
40,PmWxpu-fF6VVxn0C3maYOAzR0AUzbq6Fw-FNyCGfWMwsjLLiVwsO9gpReGhLWqBJLRveyu1egWqU8w,,Chief Sief,,517,Sylas,100,JUNGLE,0,7,9,1,0.89,205,5.92,13471,389.15,14977,432.65,20,0,0.276,17,"[3089, 3135, 3100, 3020, 3145, 1058, 3340]"
40,WD6ZyrInHL8CLl6qbLbleYEOTvhfv859-LN6rS_rBcU6_a3-OFGsg-vwUwlNwMEdelJ1-Y22a-fqzg,,Nautilus,,90,Malzahar,100,MIDDLE,0,9,5,4,2.6,260,7.51,16791,485.06,33786,976.0,24,2,0.448,18,"[3135, 6653, 3116, 3020, 3165, 3089, 3340]"
40,FLv4jnA0Xc8zehwLVHq9P_j1eM4L9ZTi2m9Daif8ogbxfC_0h-ZWjJYZ4H93UUah-vojJRExQo8qjg,,Goon Rat,,22,Ashe,100,BOTTOM,0,10,14,7,1.21,146,4.22,12730,367.74,34862,1007.09,8,0,0.586,15,"[6672, 3085, 3006, 3046, 1055, 1018, 3340]"
40,aX5KIakQU-tpWB02GZKd7cEd0i5LgGaxHHKwzFuXjwGxGvZ2H6UGGPSl-qIsUgynlAb2YIc5jZUKIQ,,jinxiecat,,147,Seraphine,100,UTILITY,0,3,15,8,0.73,49,1.42,9598,277.27,8816,254.68,15,0,0.379,13,"[3870, 3158, 6620, 6617, 3107, 3114, 3364]"
40,-lrUGwZKmvBGqtmZEZZea2-D4VFTlcmtYvT9juxcFmIStSULRIjTYZgnVx5sRuelFS-8kM2eM7faag,,TopGap,,67,Vayne,200,TOP,1,10,3,5,5.0,219,6.33,14094,407.14,36297,1048.54,25,5,0.294,18,"[3124, 3153, 3009, 3302, 3091, 1042, 3340]"
40,X71SoZPqvf00O5A0fIHHpoOomR3Yx6UmyRaQZZ3iGOiN4-L9IXsSMsBxyOyTtepusH-MFd45Lh_QpQ,,Hitandvi6391,,200,Belveth,200,JUNGLE,1,3,7,16,2.71,190,5.49,12573,363.21,14213,410.58,24,0,0.373,17,"[3153, 6672, 3111, 6631, 3051, 0, 3340]"
40,6YBgeYpTUDYslgsud2-wCOQDkpHek6_NjD7dIQJ_lokATU_QhKmYLeyryuGa0oJKfya0MpnAKHJkpA,,Tebb10121,,901,Smolder,200,MIDDLE,1,9,4,16,6.25,246,7.11,16075,464.37,28206,814.81,3,0,0.49,18,"[3072, 3508, 3171, 3161, 3094, 3035, 3340]"
40,KF5igaVhwPfDSKLvanzM4ZigJ0YP_pDLF2yjjAWGW-7vJLgkZOz0UYQ8pn7dyD_Jvb4yNv92YO0wbA,,BadKarma,,804,Yunara,200,BOTTOM,1,9,10,24,3.3,148,4.28,16143,466.34,35779,1033.58,15,0,0.647,17,"[3031, 3032, 3036, 3172, 3085, 1043, 3363]"
40,VcIY86D7HioMb2V_IMMbbyetJJ4JlmYsgGqz_y-3_jKRJR75ilyW2w-QNDQnkVz5Z8yTmSlIcekvKg,,Daddy Long Legs,,555,Pyke,200,UTILITY,1,20,6,15,5.83,41,1.18,15931,460.21,24914,719.71,72,3,0.686,17,"[3142, 3134, 6701, 3179, 3176, 6699, 3364]"
41,0aQffXvMmtTsCCZvnl_3HQ9RqIRT8nJNLotwrNBmH5U-sbQdySY1F93BGqxUUEDQzJYzuHlXZY8CFg,,Steffanator,,31,Chogath,100,TOP,0,2,11,2,0.36,99,3.48,7811,274.87,14421,507.48,16,1,0.235,14,"[1056, 3084, 3075, 0, 0, 3047, 3340]"
41,-zQWd5BPPeuFxzR15bhkEyDmY4gIVcUgOZxoKOD1A6aKZyOverangBbuxBfL859ST6iiB_8Ull_gPQ,,Tankies,,19,Warwick,100,JUNGLE,0,4,8,5,1.12,128,4.5,9268,326.15,12009,422.6,13,0,0.529,13,"[3153, 6631, 3047, 1028, 1033, 0, 3340]"
41,WD6ZyrInHL8CLl6qbLbleYEOTvhfv859-LN6rS_rBcU6_a3-OFGsg-vwUwlNwMEdelJ1-Y22a-fqzg,,Nautilus,,83,Yorick,100,MIDDLE,0,2,7,2,0.57,193,6.79,9815,345.4,17400,612.32,12,2,0.235,14,"[1054, 0, 3078, 3009, 3161, 3076, 3340]"
41,kIhJ9ayChJoFDp6wJefnHUF8sxtWMxRvBS3kUESzEj_TDW-5nDnsQ_ZFJMSfdp5IYi4rXd4x-BQEVA,,AbsoluteDuck,,21,MissFortune,100,BOTTOM,0,6,6,2,1.33,145,5.1,9994,351.7,16570,583.11,13,0,0.471,13,"[1055, 6676, 3009, 3036, 3086, 3144, 3340]"
41,gx5f_V0OfEQ7eqlNAkXXoqPynyor21rNOLDgwhPCUpHu9E_qbfUXitT0KI2fE-lTw4u6MD5r2dMITA,,ploopus,,54,Malphite,100,UTILITY,0,3,5,4,1.4,58,2.04,8346,293.7,19446,684.32,33,1,0.412,13,"[3118, 3871, 3175, 4646, 1052, 0, 3364]"
41,g1obvjojgAODu17AUvD_NgMQGGzJF_06SRONSBHozZsqy0XQjfhpxk2GKUYYyi8j-2s1nDewLcPzPQ,,trollmode2012,,122,Darius,200,TOP,1,20,4,2,5.5,260,9.15,18624,655.39,50544,1778.67,15,0,0.595,18,"[1011, 3047, 6631, 3053, 3742, 4401, 3340]"
41,QWevFdgTxv1xfOvi0xwWvyfPOsGjkb1P4Fb5DX9PuQHmRaZHN_N4Dh5iPQa3EKdNMtalYKC1yZQe7g,,lefleur,,59,JarvanIV,200,JUNGLE,1,5,3,8,4.33,160,5.63,10784,379.5,18115,637.48,13,0,0.351,14,"[3071, 6610, 3111, 3123, 3082, 1029, 3340]"
41,HLu_a9HnanAQwKY8U4OSx6F466ZcnXtNXZgT9ymF__BybKkTDB56Hjht-RIkyPamiU6yB5CkPXz03w,,Hasoly,,50,Swain,200,MIDDLE,1,3,2,14,8.5,99,3.48,8807,309.92,25110,883.64,8,0,0.459,15,"[1056, 6653, 3047, 2503, 0, 0, 3340]"
41,JTwmPr8BP4VlWs7Wtz7vpFXdtHOwzu4_uK2w50yxQQcBpx1PaRqVrDh81Mcwg3mwFcYr9D2KcmDeFw,,ULTRASTRIKER,,804,Yunara,200,BOTTOM,1,6,5,7,2.6,132,4.65,9871,347.37,13043,458.99,3,0,0.351,14,"[1055, 6672, 3006, 3085, 0, 3123, 3340]"
41,q4o_BLY0m6qGbby1x36XIsT_8X3sG1w6swWOLkpM8LLe3kbywX8kMlqS--bZCWLQGJpl4TRRSu1ulg,,sqin5,,37,Sona,200,UTILITY,1,3,3,13,5.33,35,1.23,8311,292.47,12397,436.26,34,0,0.432,14,"[3020, 3190, 3870, 3040, 0, 0, 3340]"
