rune_key,rune_primary_id,rune_secondary_id,primary_style_name,sub_style_name,keystone_id,keystone_name,keystone_icon,primary_rune2_id,primary_rune2_name,primary_rune2_icon,primary_rune3_id,primary_rune3_name,primary_rune3_icon,primary_rune4_id,primary_rune4_name,primary_rune4_icon,secondary_rune1_id,secondary_rune1_name,secondary_rune1_icon,secondary_rune2_id,secondary_rune2_name,secondary_rune2_icon
1,8200,8000,Sorcery,Precision,8229,Arcane Comet,https://ddragon.leagueoflegends.com/cdn/img/perk-images/Styles/Sorcery/ArcaneComet/ArcaneComet.png,8226,Manaflow Band,https://ddragon.leagueoflegends.com/cdn/img/perk-images/Styles/Sorcery/ManaflowBand/ManaflowBand.png,8210,Transcendence,https://ddragon.leagueoflegends.com/cdn/img/perk-images/Styles/Sorcery/Transcendence/Transcendence.png,8236,Gathering Storm,https://ddragon.leagueoflegends.com/cdn/img/perk-images/Styles/Sorcery/GatheringStorm/GatheringStorm.png,8009,Presence of Mind,https://ddragon.leagueoflegends.com/cdn/img/perk-images/Styles/Precision/PresenceOfMind/PresenceOfMind.png,8014,Coup de Grace,https://ddragon.leagueoflegends.com/cdn/img/perk-images/Styles/Precision/CoupDeGrace/CoupDeGrace.png
2,8200,8300,Sorcery,Inspiration,8229,Arcane Comet,https://ddragon.leagueoflegends.com/cdn/img/perk-images/Styles/Sorcery/ArcaneComet/ArcaneComet.png,8226,Manaflow Band,https://ddragon.leagueoflegends.com/cdn/img/perk-images/Styles/Sorcery/ManaflowBand/ManaflowBand.png,8210,Transcendence,https://ddragon.leagueoflegends.com/cdn/img/perk-images/Styles/Sorcery/Transcendence/Transcendence.png,8236,Gathering Storm,https://ddragon.leagueoflegends.com/cdn/img/perk-images/Styles/Sorcery/GatheringStorm/GatheringStorm.png,8304,Magical Footwear,https://ddragon.leagueoflegends.com/cdn/img/perk-images/Styles/Inspiration/MagicalFootwear/MagicalFootwear.png,8345,Biscuit Delivery,https://ddragon.leagueoflegends.com/cdn/img/perk-images/Styles/Inspiration/BiscuitDelivery/BiscuitDelivery.png
3,8200,8300,Sorcery,Inspiration,8229,Arcane Comet,https://ddragon.leagueoflegends.com/cdn/img/perk-images/Styles/Sorcery/ArcaneComet/ArcaneComet.png,8226,Manaflow Band,https://ddragon.leagueoflegends.com/cdn/img/perk-images/Styles/Sorcery/ManaflowBand/ManaflowBand.png,8210,Transcendence,https://ddragon.leagueoflegends.com/cdn/img/perk-images/Styles/Sorcery/Transcendence/Transcendence.png,8236,Gathering Storm,https://ddragon.leagueoflegends.com/cdn/img/perk-images/Styles/Sorcery/GatheringStorm/GatheringStorm.png,8304,Magical Footwear,https://ddragon.leagueoflegends.com/cdn/img/perk-images/Styles/Inspiration/MagicalFootwear/MagicalFootwear.png,8345,Biscuit Delivery,https://ddragon.leagueoflegends.com/cdn/img/perk-images/Styles/Inspiration/BiscuitDelivery/BiscuitDelivery.png
4,8200,8300,Sorcery,Inspiration,8229,Arcane Comet,https://ddragon.leagueoflegends.com/cdn/img/perk-images/Styles/Sorcery/ArcaneComet/ArcaneComet.png,8226,Manaflow Band,https://ddragon.leagueoflegends.com/cdn/img/perk-images/Styles/Sorcery/ManaflowBand/ManaflowBand.png,8210,Transcendence,https://ddragon.leagueoflegends.com/cdn/img/perk-images/Styles/Sorcery/Transcendence/Transcendence.png,8236,Gathering Storm,https://ddragon.leagueoflegends.com/cdn/img/perk-images/Styles/Sorcery/GatheringStorm/GatheringStorm.png,8304,Magical Footwear,https://ddragon.leagueoflegends.com/cdn/img/perk-images/Styles/Inspiration/MagicalFootwear/MagicalFootwear.png,8345,Biscuit Delivery,https://ddragon.leagueoflegends.com/cdn/img/perk-images/Styles/Inspiration/BiscuitDelivery/BiscuitDelivery.png
5,8200,8000,Sorcery,Precision,8229,Arcane Comet,https://ddragon.leagueoflegends.com/cdn/img/perk-images/Styles/Sorcery/ArcaneComet/ArcaneComet.png,8226,Manaflow Band,https://ddragon.leagueoflegends.com/cdn/img/perk-images/Styles/Sorcery/ManaflowBand/ManaflowBand.png,8210,Transcendence,https://ddragon.leagueoflegends.com/cdn/img/perk-images/Styles/Sorcery/Transcendence/Transcendence.png,8236,Gathering Storm,https://ddragon.leagueoflegends.com/cdn/img/perk-images/Styles/Sorcery/GatheringStorm/GatheringStorm.png,8009,Presence of Mind,https://ddragon.leagueoflegends.com/cdn/img/perk-images/Styles/Precision/PresenceOfMind/PresenceOfMind.png,8014,Coup de Grace,https://ddragon.leagueoflegends.com/cdn/img/perk-images/Styles/Precision/CoupDeGrace/CoupDeGrace.png
6,8000,8400,Precision,Resolve,8010,Conqueror,https://ddragon.leagueoflegends.com/cdn/img/perk-images/Styles/Precision/Conqueror/Conqueror.png,9111,Triumph,https://ddragon.leagueoflegends.com/cdn/img/perk-images/Styles/Precision/Triumph.png,9105,Legend: Haste,https://ddragon.leagueoflegends.com/cdn/img/perk-images/Styles/Precision/LegendHaste/LegendHaste.png,8014,Coup de Grace,https://ddragon.leagueoflegends.com/cdn/img/perk-images/Styles/Precision/CoupDeGrace/CoupDeGrace.png,8242,Unflinching,https://ddragon.leagueoflegends.com/cdn/img/perk-images/Styles/Sorcery/Unflinching/Unflinching.png,8429,Conditioning,https://ddragon.leagueoflegends.com/cdn/img/perk-images/Styles/Resolve/Conditioning/Conditioning.png
7,8000,8400,Precision,Resolve,8010,Conqueror,https://ddragon.leagueoflegends.com/cdn/img/perk-images/Styles/Precision/Conqueror/Conqueror.png,9111,Triumph,https://ddragon.leagueoflegends.com/cdn/img/perk-images/Styles/Precision/Triumph.png,9105,Legend: Haste,https://ddragon.leagueoflegends.com/cdn/img/perk-images/Styles/Precision/LegendHaste/LegendHaste.png,8014,Coup de Grace,https://ddragon.leagueoflegends.com/cdn/img/perk-images/Styles/Precision/CoupDeGrace/CoupDeGrace.png,8242,Unflinching,https://ddragon.leagueoflegends.com/cdn/img/perk-images/Styles/Sorcery/Unflinching/Unflinching.png,8429,Conditioning,https://ddragon.leagueoflegends.com/cdn/img/perk-images/Styles/Resolve/Conditioning/Conditioning.png
8,8200,8000,Sorcery,Precision,8229,Arcane Comet,https://ddragon.leagueoflegends.com/cdn/img/perk-images/Styles/Sorcery/ArcaneComet/ArcaneComet.png,8226,Manaflow Band,https://ddragon.leagueoflegends.com/cdn/img/perk-images/Styles/Sorcery/ManaflowBand/ManaflowBand.png,8210,Transcendence,https://ddragon.leagueoflegends.com/cdn/img/perk-images/Styles/Sorcery/Transcendence/Transcendence.png,8236,Gathering Storm,https://ddragon.leagueoflegends.com/cdn/img/perk-images/Styles/Sorcery/GatheringStorm/GatheringStorm.png,8009,Presence of Mind,https://ddragon.leagueoflegends.com/cdn/img/perk-images/Styles/Precision/PresenceOfMind/PresenceOfMind.png,8014,Coup de Grace,https://ddragon.leagueoflegends.com/cdn/img/perk-images/Styles/Precision/CoupDeGrace/CoupDeGrace.png
9,8000,8400,Precision,Resolve,8021,Fleet Footwork,https://ddragon.leagueoflegends.com/cdn/img/perk-images/Styles/Precision/FleetFootwork/FleetFootwork.png,8009,Presence of Mind,https://ddragon.leagueoflegends.com/cdn/img/perk-images/Styles/Precision/PresenceOfMind/PresenceOfMind.png,9104,Legend: Alacrity,https://ddragon.leagueoflegends.com/cdn/img/perk-images/Styles/Precision/LegendAlacrity/LegendAlacrity.png,8017,Cut Down,https://ddragon.leagueoflegends.com/cdn/img/perk-images/Styles/Precision/CutDown/CutDown.png,8473,Bone Plating,https://ddragon.leagueoflegends.com/cdn/img/perk-images/Styles/Resolve/BonePlating/BonePlating.png,8453,Revitalize,https://ddragon.leagueoflegends.com/cdn/img/perk-images/Styles/Resolve/Revitalize/Revitalize.png
10,8200,8300,Sorcery,Inspiration,8229,Arcane Comet,https://ddragon.leagueoflegends.com/cdn/img/perk-images/Styles/Sorcery/ArcaneComet/ArcaneComet.png,8226,Manaflow Band,https://ddragon.leagueoflegends.com/cdn/img/perk-images/Styles/Sorcery/ManaflowBand/ManaflowBand.png,8210,Transcendence,https://ddragon.leagueoflegends.com/cdn/img/perk-images/Styles/Sorcery/Transcendence/Transcendence.png,8236,Gathering Storm,https://ddragon.leagueoflegends.com/cdn/img/perk-images/Styles/Sorcery/GatheringStorm/GatheringStorm.png,8316,Jack Of All Trades,https://ddragon.leagueoflegends.com/cdn/img/perk-images/Styles/Inspiration/JackOfAllTrades/JackofAllTrades2.png,8304,Magical Footwear,https://ddragon.leagueoflegends.com/cdn/img/perk-images/Styles/Inspiration/MagicalFootwear/MagicalFootwear.png
11,8400,8000,Resolve,Precision,8437,Grasp of the Undying,https://ddragon.leagueoflegends.com/cdn/img/perk-images/Styles/Resolve/GraspOfTheUndying/GraspOfTheUndying.png,8446,Demolish,https://ddragon.leagueoflegends.com/cdn/img/perk-images/Styles/Resolve/Demolish/Demolish.png,8473,Bone Plating,https://ddragon.leagueoflegends.com/cdn/img/perk-images/Styles/Resolve/BonePlating/BonePlating.png,8451,Overgrowth,https://ddragon.leagueoflegends.com/cdn/img/perk-images/Styles/Resolve/Overgrowth/Overgrowth.png,9105,Legend: Haste,https://ddragon.leagueoflegends.com/cdn/img/perk-images/Styles/Precision/LegendHaste/LegendHaste.png,9111,Triumph,https://ddragon.leagueoflegends.com/cdn/img/perk-images/Styles/Precision/Triumph.png
12,8400,8000,Resolve,Precision,8437,Grasp of the Undying,https://ddragon.leagueoflegends.com/cdn/img/perk-images/Styles/Resolve/GraspOfTheUndying/GraspOfTheUndying.png,8446,Demolish,https://ddragon.leagueoflegends.com/cdn/img/perk-images/Styles/Resolve/Demolish/Demolish.png,8444,Second Wind,https://ddragon.leagueoflegends.com/cdn/img/perk-images/Styles/Resolve/SecondWind/SecondWind.png,8242,Unflinching,https://ddragon.leagueoflegends.com/cdn/img/perk-images/Styles/Sorcery/Unflinching/Unflinching.png,8009,Presence of Mind,https://ddragon.leagueoflegends.com/cdn/img/perk-images/Styles/Precision/PresenceOfMind/PresenceOfMind.png,9105,Legend: Haste,https://ddragon.leagueoflegends.com/cdn/img/perk-images/Styles/Precision/LegendHaste/LegendHaste.png
13,8200,8300,Sorcery,Inspiration,8229,Arcane Comet,https://ddragon.leagueoflegends.com/cdn/img/perk-images/Styles/Sorcery/ArcaneComet/ArcaneComet.png,8226,Manaflow Band,https://ddragon.leagueoflegends.com/cdn/img/perk-images/Styles/Sorcery/ManaflowBand/ManaflowBand.png,8234,Celerity,https://ddragon.leagueoflegends.com/cdn/img/perk-images/Styles/Sorcery/Celerity/CelerityTemp.png,8237,Scorch,https://ddragon.leagueoflegends.com/cdn/img/perk-images/Styles/Sorcery/Scorch/Scorch.png,8304,Magical Footwear,https://ddragon.leagueoflegends.com/cdn/img/perk-images/Styles/Inspiration/MagicalFootwear/MagicalFootwear.png,8410,Approach Velocity,https://ddragon.leagueoflegends.com/cdn/img/perk-images/Styles/Resolve/ApproachVelocity/ApproachVelocity.png
14,8400,8000,Resolve,Precision,8439,Aftershock,https://ddragon.leagueoflegends.com/cdn/img/perk-images/Styles/Resolve/VeteranAftershock/VeteranAftershock.png,8401,Shield Bash,https://ddragon.leagueoflegends.com/cdn/img/perk-images/Styles/Resolve/MirrorShell/MirrorShell.png,8473,Bone Plating,https://ddragon.leagueoflegends.com/cdn/img/perk-images/Styles/Resolve/BonePlating/BonePlating.png,8453,Revitalize,https://ddragon.leagueoflegends.com/cdn/img/perk-images/Styles/Resolve/Revitalize/Revitalize.png,8299,Last Stand,https://ddragon.leagueoflegends.com/cdn/img/perk-images/Styles/Sorcery/LastStand/LastStand.png,9111,Triumph,https://ddragon.leagueoflegends.com/cdn/img/perk-images/Styles/Precision/Triumph.png
15,8200,8300,Sorcery,Inspiration,8229,Arcane Comet,https://ddragon.leagueoflegends.com/cdn/img/perk-images/Styles/Sorcery/ArcaneComet/ArcaneComet.png,8226,Manaflow Band,https://ddragon.leagueoflegends.com/cdn/img/perk-images/Styles/Sorcery/ManaflowBand/ManaflowBand.png,8234,Celerity,https://ddragon.leagueoflegends.com/cdn/img/perk-images/Styles/Sorcery/Celerity/CelerityTemp.png,8237,Scorch,https://ddragon.leagueoflegends.com/cdn/img/perk-images/Styles/Sorcery/Scorch/Scorch.png,8304,Magical Footwear,https://ddragon.leagueoflegends.com/cdn/img/perk-images/Styles/Inspiration/MagicalFootwear/MagicalFootwear.png,8410,Approach Velocity,https://ddragon.leagueoflegends.com/cdn/img/perk-images/Styles/Resolve/ApproachVelocity/ApproachVelocity.png
16,8000,8200,Precision,Sorcery,8021,Fleet Footwork,https://ddragon.leagueoflegends.com/cdn/img/perk-images/Styles/Precision/FleetFootwork/FleetFootwork.png,8009,Presence of Mind,https://ddragon.leagueoflegends.com/cdn/img/perk-images/Styles/Precision/PresenceOfMind/PresenceOfMind.png,9104,Legend: Alacrity,https://ddragon.leagueoflegends.com/cdn/img/perk-images/Styles/Precision/LegendAlacrity/LegendAlacrity.png,8014,Coup de Grace,https://ddragon.leagueoflegends.com/cdn/img/perk-images/Styles/Precision/CoupDeGrace/CoupDeGrace.png,8234,Celerity,https://ddragon.leagueoflegends.com/cdn/img/perk-images/Styles/Sorcery/Celerity/CelerityTemp.png,8226,Manaflow Band,https://ddragon.leagueoflegends.com/cdn/img/perk-images/Styles/Sorcery/ManaflowBand/ManaflowBand.png
17,8400,8000,Resolve,Precision,8439,Aftershock,https://ddragon.leagueoflegends.com/cdn/img/perk-images/Styles/Resolve/VeteranAftershock/VeteranAftershock.png,8446,Demolish,https://ddragon.leagueoflegends.com/cdn/img/perk-images/Styles/Resolve/Demolish/Demolish.png,8444,Second Wind,https://ddragon.leagueoflegends.com/cdn/img/perk-images/Styles/Resolve/SecondWind/SecondWind.png,8451,Overgrowth,https://ddragon.leagueoflegends.com/cdn/img/perk-images/Styles/Resolve/Overgrowth/Overgrowth.png,9105,Legend: Haste,https://ddragon.leagueoflegends.com/cdn/img/perk-images/Styles/Precision/LegendHaste/LegendHaste.png,8009,Presence of Mind,https://ddragon.leagueoflegends.com/cdn/img/perk-images/Styles/Precision/PresenceOfMind/PresenceOfMind.png
18,8000,8200,Precision,Sorcery,8008,Lethal Tempo,https://ddragon.leagueoflegends.com/cdn/img/perk-images/Styles/Precision/LethalTempo/LethalTempoTemp.png,9101,Absorb Life,https://ddragon.leagueoflegends.com/cdn/img/perk-images/Styles/Precision/AbsorbLife/AbsorbLife.png,9104,Legend: Alacrity,https://ddragon.leagueoflegends.com/cdn/img/perk-images/Styles/Precision/LegendAlacrity/LegendAlacrity.png,8014,Coup de Grace,https://ddragon.leagueoflegends.com/cdn/img/perk-images/Styles/Precision/CoupDeGrace/CoupDeGrace.png,8234,Celerity,https://ddragon.leagueoflegends.com/cdn/img/perk-images/Styles/Sorcery/Celerity/CelerityTemp.png,8226,Manaflow Band,https://ddragon.leagueoflegends.com/cdn/img/perk-images/Styles/Sorcery/ManaflowBand/ManaflowBand.png
19,8200,8300,Sorcery,Inspiration,8229,Arcane Comet,https://ddragon.leagueoflegends.com/cdn/img/perk-images/Styles/Sorcery/ArcaneComet/ArcaneComet.png,8226,Manaflow Band,https://ddragon.leagueoflegends.com/cdn/img/perk-images/Styles/Sorcery/ManaflowBand/ManaflowBand.png,8234,Celerity,https://ddragon.leagueoflegends.com/cdn/img/perk-images/Styles/Sorcery/Celerity/CelerityTemp.png,8232,Waterwalking,https://ddragon.leagueoflegends.com/cdn/img/perk-images/Styles/Sorcery/Waterwalking/Waterwalking.png,8304,Magical Footwear,https://ddragon.leagueoflegends.com/cdn/img/perk-images/Styles/Inspiration/MagicalFootwear/MagicalFootwear.png,8410,Approach Velocity,https://ddragon.leagueoflegends.com/cdn/img/perk-images/Styles/Resolve/ApproachVelocity/ApproachVelocity.png
20,8400,8200,Resolve,Sorcery,8439,Aftershock,https://ddragon.leagueoflegends.com/cdn/img/perk-images/Styles/Resolve/VeteranAftershock/VeteranAftershock.png,8401,Shield Bash,https://ddragon.leagueoflegends.com/cdn/img/perk-images/Styles/Resolve/MirrorShell/MirrorShell.png,8444,Second Wind,https://ddragon.leagueoflegends.com/cdn/img/perk-images/Styles/Resolve/SecondWind/SecondWind.png,8242,Unflinching,https://ddragon.leagueoflegends.com/cdn/img/perk-images/Styles/Sorcery/Unflinching/Unflinching.png,8234,Celerity,https://ddragon.leagueoflegends.com/cdn/img/perk-images/Styles/Sorcery/Celerity/CelerityTemp.png,8224,Axiom Arcanist,https://ddragon.leagueoflegends.com/cdn/img/perk-images/Styles/Sorcery/NullifyingOrb/Axiom_Arcanist.png
21,8200,8100,Sorcery,Domination,8229,Arcane Comet,https://ddragon.leagueoflegends.com/cdn/img/perk-images/Styles/Sorcery/ArcaneComet/ArcaneComet.png,8226,Manaflow Band,https://ddragon.leagueoflegends.com/cdn/img/perk-images/Styles/Sorcery/ManaflowBand/ManaflowBand.png,8234,Celerity,https://ddragon.leagueoflegends.com/cdn/img/perk-images/Styles/Sorcery/Celerity/CelerityTemp.png,8232,Waterwalking,https://ddragon.leagueoflegends.com/cdn/img/perk-images/Styles/Sorcery/Waterwalking/Waterwalking.png,8105,Relentless Hunter,https://ddragon.leagueoflegends.com/cdn/img/perk-images/Styles/Domination/RelentlessHunter/RelentlessHunter.png,8126,Cheap Shot,https://ddragon.leagueoflegends.com/cdn/img/perk-images/Styles/Domination/CheapShot/CheapShot.png
22,8200,8100,Sorcery,Domination,8229,Arcane Comet,https://ddragon.leagueoflegends.com/cdn/img/perk-images/Styles/Sorcery/ArcaneComet/ArcaneComet.png,8226,Manaflow Band,https://ddragon.leagueoflegends.com/cdn/img/perk-images/Styles/Sorcery/ManaflowBand/ManaflowBand.png,8234,Celerity,https://ddragon.leagueoflegends.com/cdn/img/perk-images/Styles/Sorcery/Celerity/CelerityTemp.png,8232,Waterwalking,https://ddragon.leagueoflegends.com/cdn/img/perk-images/Styles/Sorcery/Waterwalking/Waterwalking.png,8105,Relentless Hunter,https://ddragon.leagueoflegends.com/cdn/img/perk-images/Styles/Domination/RelentlessHunter/RelentlessHunter.png,8126,Cheap Shot,https://ddragon.leagueoflegends.com/cdn/img/perk-images/Styles/Domination/CheapShot/CheapShot.png
23,8400,8000,Resolve,Precision,8437,Grasp of the Undying,https://ddragon.leagueoflegends.com/cdn/img/perk-images/Styles/Resolve/GraspOfTheUndying/GraspOfTheUndying.png,8401,Shield Bash,https://ddragon.leagueoflegends.com/cdn/img/perk-images/Styles/Resolve/MirrorShell/MirrorShell.png,8473,Bone Plating,https://ddragon.leagueoflegends.com/cdn/img/perk-images/Styles/Resolve/BonePlating/BonePlating.png,8453,Revitalize,https://ddragon.leagueoflegends.com/cdn/img/perk-images/Styles/Resolve/Revitalize/Revitalize.png,9104,Legend: Alacrity,https://ddragon.leagueoflegends.com/cdn/img/perk-images/Styles/Precision/LegendAlacrity/LegendAlacrity.png,8299,Last Stand,https://ddragon.leagueoflegends.com/cdn/img/perk-images/Styles/Sorcery/LastStand/LastStand.png
24,8400,8200,Resolve,Sorcery,8437,Grasp of the Undying,https://ddragon.leagueoflegends.com/cdn/img/perk-images/Styles/Resolve/GraspOfTheUndying/GraspOfTheUndying.png,8401,Shield Bash,https://ddragon.leagueoflegends.com/cdn/img/perk-images/Styles/Resolve/MirrorShell/MirrorShell.png,8444,Second Wind,https://ddragon.leagueoflegends.com/cdn/img/perk-images/Styles/Resolve/SecondWind/SecondWind.png,8453,Revitalize,https://ddragon.leagueoflegends.com/cdn/img/perk-images/Styles/Resolve/Revitalize/Revitalize.png,8226,Manaflow Band,https://ddragon.leagueoflegends.com/cdn/img/perk-images/Styles/Sorcery/ManaflowBand/ManaflowBand.png,8234,Celerity,https://ddragon.leagueoflegends.com/cdn/img/perk-images/Styles/Sorcery/Celerity/CelerityTemp.png
25,8200,8300,Sorcery,Inspiration,8229,Arcane Comet,https://ddragon.leagueoflegends.com/cdn/img/perk-images/Styles/Sorcery/ArcaneComet/ArcaneComet.png,8226,Manaflow Band,https://ddragon.leagueoflegends.com/cdn/img/perk-images/Styles/Sorcery/ManaflowBand/ManaflowBand.png,8234,Celerity,https://ddragon.leagueoflegends.com/cdn/img/perk-images/Styles/Sorcery/Celerity/CelerityTemp.png,8237,Scorch,https://ddragon.leagueoflegends.com/cdn/img/perk-images/Styles/Sorcery/Scorch/Scorch.png,8304,Magical Footwear,https://ddragon.leagueoflegends.com/cdn/img/perk-images/Styles/Inspiration/MagicalFootwear/MagicalFootwear.png,8410,Approach Velocity,https://ddragon.leagueoflegends.com/cdn/img/perk-images/Styles/Resolve/ApproachVelocity/ApproachVelocity.png
26,8200,8000,Sorcery,Precision,8229,Arcane Comet,https://ddragon.leagueoflegends.com/cdn/img/perk-images/Styles/Sorcery/ArcaneComet/ArcaneComet.png,8226,Manaflow Band,https://ddragon.leagueoflegends.com/cdn/img/perk-images/Styles/Sorcery/ManaflowBand/ManaflowBand.png,8210,Transcendence,https://ddragon.leagueoflegends.com/cdn/img/perk-images/Styles/Sorcery/Transcendence/Transcendence.png,8237,Scorch,https://ddragon.leagueoflegends.com/cdn/img/perk-images/Styles/Sorcery/Scorch/Scorch.png,8009,Presence of Mind,https://ddragon.leagueoflegends.com/cdn/img/perk-images/Styles/Precision/PresenceOfMind/PresenceOfMind.png,9105,Legend: Haste,https://ddragon.leagueoflegends.com/cdn/img/perk-images/Styles/Precision/LegendHaste/LegendHaste.png
27,8400,8200,Resolve,Sorcery,8439,Aftershock,https://ddragon.leagueoflegends.com/cdn/img/perk-images/Styles/Resolve/VeteranAftershock/VeteranAftershock.png,8401,Shield Bash,https://ddragon.leagueoflegends.com/cdn/img/perk-images/Styles/Resolve/MirrorShell/MirrorShell.png,8444,Second Wind,https://ddragon.leagueoflegends.com/cdn/img/perk-images/Styles/Resolve/SecondWind/SecondWind.png,8242,Unflinching,https://ddragon.leagueoflegends.com/cdn/img/perk-images/Styles/Sorcery/Unflinching/Unflinching.png,8234,Celerity,https://ddragon.leagueoflegends.com/cdn/img/perk-images/Styles/Sorcery/Celerity/CelerityTemp.png,8224,Axiom Arcanist,https://ddragon.leagueoflegends.com/cdn/img/perk-images/Styles/Sorcery/NullifyingOrb/Axiom_Arcanist.png
28,8000,8400,Precision,Resolve,8010,Conqueror,https://ddragon.leagueoflegends.com/cdn/img/perk-images/Styles/Precision/Conqueror/Conqueror.png,8009,Presence of Mind,https://ddragon.leagueoflegends.com/cdn/img/perk-images/Styles/Precision/PresenceOfMind/PresenceOfMind.png,9103,Legend: Bloodline,https://ddragon.leagueoflegends.com/cdn/img/perk-images/Styles/Precision/LegendBloodline/LegendBloodline.png,8299,Last Stand,https://ddragon.leagueoflegends.com/cdn/img/perk-images/Styles/Sorcery/LastStand/LastStand.png,8444,Second Wind,https://ddragon.leagueoflegends.com/cdn/img/perk-images/Styles/Resolve/SecondWind/SecondWind.png,8446,Demolish,https://ddragon.leagueoflegends.com/cdn/img/perk-images/Styles/Resolve/Demolish/Demolish.png
29,8400,8300,Resolve,Inspiration,8437,Grasp of the Undying,https://ddragon.leagueoflegends.com/cdn/img/perk-images/Styles/Resolve/GraspOfTheUndying/GraspOfTheUndying.png,8446,Demolish,https://ddragon.leagueoflegends.com/cdn/img/perk-images/Styles/Resolve/Demolish/Demolish.png,8444,Second Wind,https://ddragon.leagueoflegends.com/cdn/img/perk-images/Styles/Resolve/SecondWind/SecondWind.png,8451,Overgrowth,https://ddragon.leagueoflegends.com/cdn/img/perk-images/Styles/Resolve/Overgrowth/Overgrowth.png,8345,Biscuit Delivery,https://ddragon.leagueoflegends.com/cdn/img/perk-images/Styles/Inspiration/BiscuitDelivery/BiscuitDelivery.png,8304,Magical Footwear,https://ddragon.leagueoflegends.com/cdn/img/perk-images/Styles/Inspiration/MagicalFootwear/MagicalFootwear.png
30,8000,8400,Precision,Resolve,8010,Conqueror,https://ddragon.leagueoflegends.com/cdn/img/perk-images/Styles/Precision/Conqueror/Conqueror.png,8009,Presence of Mind,https://ddragon.leagueoflegends.com/cdn/img/perk-images/Styles/Precision/PresenceOfMind/PresenceOfMind.png,9103,Legend: Bloodline,https://ddragon.leagueoflegends.com/cdn/img/perk-images/Styles/Precision/LegendBloodline/LegendBloodline.png,8299,Last Stand,https://ddragon.leagueoflegends.com/cdn/img/perk-images/Styles/Sorcery/LastStand/LastStand.png,8444,Second Wind,https://ddragon.leagueoflegends.com/cdn/img/perk-images/Styles/Resolve/SecondWind/SecondWind.png,8446,Demolish,https://ddragon.leagueoflegends.com/cdn/img/perk-images/Styles/Resolve/Demolish/Demolish.png
31,8400,8000,Resolve,Precision,8437,Grasp of the Undying,https://ddragon.leagueoflegends.com/cdn/img/perk-images/Styles/Resolve/GraspOfTheUndying/GraspOfTheUndying.png,8446,Demolish,https://ddragon.leagueoflegends.com/cdn/img/perk-images/Styles/Resolve/Demolish/Demolish.png,8444,Second Wind,https://ddragon.leagueoflegends.com/cdn/img/perk-images/Styles/Resolve/SecondWind/SecondWind.png,8451,Overgrowth,https://ddragon.leagueoflegends.com/cdn/img/perk-images/Styles/Resolve/Overgrowth/Overgrowth.png,8299,Last Stand,https://ddragon.leagueoflegends.com/cdn/img/perk-images/Styles/Sorcery/LastStand/LastStand.png,9111,Triumph,https://ddragon.leagueoflegends.com/cdn/img/perk-images/Styles/Precision/Triumph.png
32,8400,8000,Resolve,Precision,8437,Grasp of the Undying,https://ddragon.leagueoflegends.com/cdn/img/perk-images/Styles/Resolve/GraspOfTheUndying/GraspOfTheUndying.png,8446,Demolish,https://ddragon.leagueoflegends.com/cdn/img/perk-images/Styles/Resolve/Demolish/Demolish.png,8444,Second Wind,https://ddragon.leagueoflegends.com/cdn/img/perk-images/Styles/Resolve/SecondWind/SecondWind.png,8451,Overgrowth,https://ddragon.leagueoflegends.com/cdn/img/perk-images/Styles/Resolve/Overgrowth/Overgrowth.png,8299,Last Stand,https://ddragon.leagueoflegends.com/cdn/img/perk-images/Styles/Sorcery/LastStand/LastStand.png,9111,Triumph,https://ddragon.leagueoflegends.com/cdn/img/perk-images/Styles/Precision/Triumph.png
33,8200,8300,Sorcery,Inspiration,8229,Arcane Comet,https://ddragon.leagueoflegends.com/cdn/img/perk-images/Styles/Sorcery/ArcaneComet/ArcaneComet.png,8226,Manaflow Band,https://ddragon.leagueoflegends.com/cdn/img/perk-images/Styles/Sorcery/ManaflowBand/ManaflowBand.png,8234,Celerity,https://ddragon.leagueoflegends.com/cdn/img/perk-images/Styles/Sorcery/Celerity/CelerityTemp.png,8237,Scorch,https://ddragon.leagueoflegends.com/cdn/img/perk-images/Styles/Sorcery/Scorch/Scorch.png,8304,Magical Footwear,https://ddragon.leagueoflegends.com/cdn/img/perk-images/Styles/Inspiration/MagicalFootwear/MagicalFootwear.png,8410,Approach Velocity,https://ddragon.leagueoflegends.com/cdn/img/perk-images/Styles/Resolve/ApproachVelocity/ApproachVelocity.png
34,8000,8400,Precision,Resolve,8010,Conqueror,https://ddragon.leagueoflegends.com/cdn/img/perk-images/Styles/Precision/Conqueror/Conqueror.png,9111,Triumph,https://ddragon.leagueoflegends.com/cdn/img/perk-images/Styles/Precision/Triumph.png,9104,Legend: Alacrity,https://ddragon.leagueoflegends.com/cdn/img/perk-images/Styles/Precision/LegendAlacrity/LegendAlacrity.png,8014,Coup de Grace,https://ddragon.leagueoflegends.com/cdn/img/perk-images/Styles/Precision/CoupDeGrace/CoupDeGrace.png,8446,Demolish,https://ddragon.leagueoflegends.com/cdn/img/perk-images/Styles/Resolve/Demolish/Demolish.png,8444,Second Wind,https://ddragon.leagueoflegends.com/cdn/img/perk-images/Styles/Resolve/SecondWind/SecondWind.png
35,8000,8400,Precision,Resolve,8010,Conqueror,https://ddragon.leagueoflegends.com/cdn/img/perk-images/Styles/Precision/Conqueror/Conqueror.png,8009,Presence of Mind,https://ddragon.leagueoflegends.com/cdn/img/perk-images/Styles/Precision/PresenceOfMind/PresenceOfMind.png,9103,Legend: Bloodline,https://ddragon.leagueoflegends.com/cdn/img/perk-images/Styles/Precision/LegendBloodline/LegendBloodline.png,8014,Coup de Grace,https://ddragon.leagueoflegends.com/cdn/img/perk-images/Styles/Precision/CoupDeGrace/CoupDeGrace.png,8446,Demolish,https://ddragon.leagueoflegends.com/cdn/img/perk-images/Styles/Resolve/Demolish/Demolish.png,8444,Second Wind,https://ddragon.leagueoflegends.com/cdn/img/perk-images/Styles/Resolve/SecondWind/SecondWind.png
36,8400,8000,Resolve,Precision,8437,Grasp of the Undying,https://ddragon.leagueoflegends.com/cdn/img/perk-images/Styles/Resolve/GraspOfTheUndying/GraspOfTheUndying.png,8446,Demolish,https://ddragon.leagueoflegends.com/cdn/img/perk-images/Styles/Resolve/Demolish/Demolish.png,8444,Second Wind,https://ddragon.leagueoflegends.com/cdn/img/perk-images/Styles/Resolve/SecondWind/SecondWind.png,8453,Revitalize,https://ddragon.leagueoflegends.com/cdn/img/perk-images/Styles/Resolve/Revitalize/Revitalize.png,8009,Presence of Mind,https://ddragon.leagueoflegends.com/cdn/img/perk-images/Styles/Precision/PresenceOfMind/PresenceOfMind.png,8014,Coup de Grace,https://ddragon.leagueoflegends.com/cdn/img/perk-images/Styles/Precision/CoupDeGrace/CoupDeGrace.png
37,8000,8400,Precision,Resolve,8008,Lethal Tempo,https://ddragon.leagueoflegends.com/cdn/img/perk-images/Styles/Precision/LethalTempo/LethalTempoTemp.png,9101,Absorb Life,https://ddragon.leagueoflegends.com/cdn/img/perk-images/Styles/Precision/AbsorbLife/AbsorbLife.png,9103,Legend: Bloodline,https://ddragon.leagueoflegends.com/cdn/img/perk-images/Styles/Precision/LegendBloodline/LegendBloodline.png,8014,Coup de Grace,https://ddragon.leagueoflegends.com/cdn/img/perk-images/Styles/Precision/CoupDeGrace/CoupDeGrace.png,8446,Demolish,https://ddragon.leagueoflegends.com/cdn/img/perk-images/Styles/Resolve/Demolish/Demolish.png,8444,Second Wind,https://ddragon.leagueoflegends.com/cdn/img/perk-images/Styles/Resolve/SecondWind/SecondWind.png
38,8200,8300,Sorcery,Inspiration,8229,Arcane Comet,https://ddragon.leagueoflegends.com/cdn/img/perk-images/Styles/Sorcery/ArcaneComet/ArcaneComet.png,8226,Manaflow Band,https://ddragon.leagueoflegends.com/cdn/img/perk-images/Styles/Sorcery/ManaflowBand/ManaflowBand.png,8234,Celerity,https://ddragon.leagueoflegends.com/cdn/img/perk-images/Styles/Sorcery/Celerity/CelerityTemp.png,8237,Scorch,https://ddragon.leagueoflegends.com/cdn/img/perk-images/Styles/Sorcery/Scorch/Scorch.png,8304,Magical Footwear,https://ddragon.leagueoflegends.com/cdn/img/perk-images/Styles/Inspiration/MagicalFootwear/MagicalFootwear.png,8410,Approach Velocity,https://ddragon.leagueoflegends.com/cdn/img/perk-images/Styles/Resolve/ApproachVelocity/ApproachVelocity.png
39,8000,8400,Precision,Resolve,8010,Conqueror,https://ddragon.leagueoflegends.com/cdn/img/perk-images/Styles/Precision/Conqueror/Conqueror.png,8009,Presence of Mind,https://ddragon.leagueoflegends.com/cdn/img/perk-images/Styles/Precision/PresenceOfMind/PresenceOfMind.png,9103,Legend: Bloodline,https://ddragon.leagueoflegends.com/cdn/img/perk-images/Styles/Precision/LegendBloodline/LegendBloodline.png,8014,Coup de Grace,https://ddragon.leagueoflegends.com/cdn/img/perk-images/Styles/Precision/CoupDeGrace/CoupDeGrace.png,8446,Demolish,https://ddragon.leagueoflegends.com/cdn/img/perk-images/Styles/Resolve/Demolish/Demolish.png,8444,Second Wind,https://ddragon.leagueoflegends.com/cdn/img/perk-images/Styles/Resolve/SecondWind/SecondWind.png
40,8200,8300,Sorcery,Inspiration,8229,Arcane Comet,https://ddragon.leagueoflegends.com/cdn/img/perk-images/Styles/Sorcery/ArcaneComet/ArcaneComet.png,8226,Manaflow Band,https://ddragon.leagueoflegends.com/cdn/img/perk-images/Styles/Sorcery/ManaflowBand/ManaflowBand.png,8234,Celerity,https://ddragon.leagueoflegends.com/cdn/img/perk-images/Styles/Sorcery/Celerity/CelerityTemp.png,8237,Scorch,https://ddragon.leagueoflegends.com/cdn/img/perk-images/Styles/Sorcery/Scorch/Scorch.png,8304,Magical Footwear,https://ddragon.leagueoflegends.com/cdn/img/perk-images/Styles/Inspiration/MagicalFootwear/MagicalFootwear.png,8410,Approach Velocity,https://ddragon.leagueoflegends.com/cdn/img/perk-images/Styles/Resolve/ApproachVelocity/ApproachVelocity.png
41,8000,8400,Precision,Resolve,8010,Conqueror,https://ddragon.leagueoflegends.com/cdn/img/perk-images/Styles/Precision/Conqueror/Conqueror.png,8009,Presence of Mind,https://ddragon.leagueoflegends.com/cdn/img/perk-images/Styles/Precision/PresenceOfMind/PresenceOfMind.png,9103,Legend: Bloodline,https://ddragon.leagueoflegends.com/cdn/img/perk-images/Styles/Precision/LegendBloodline/LegendBloodline.png,8299,Last Stand,https://ddragon.leagueoflegends.com/cdn/img/perk-images/Styles/Sorcery/LastStand/LastStand.png,8446,Demolish,https://ddragon.leagueoflegends.com/cdn/img/perk-images/Styles/Resolve/Demolish/Demolish.png,8444,Second Wind,https://ddragon.leagueoflegends.com/cdn/img/perk-images/Styles/Resolve/SecondWind/SecondWind.png
